Link,Caption,Views,Likes,Comments,Shares,Saves,Views_Per_Hour,Engagement_Rate(%),Viral_Velocity,Top1_Cmt,Top1_Likes,Top2_Cmt,Top2_Likes,Top3_Cmt,Top3_Likes,Top4_Cmt,Top4_Likes,Top5_Cmt,Top5_Likes,Top_Keywords,Positive_Score,Video_Sentiment,Viral_Probability_%
https://www.tiktok.com/@collinskey/video/7616849748359728415,#boneka #brainrot ,134100000,18900000,77900,9000000,1549956,321865.53,44.52,5448744.09,that must ve been tiring,381700,i expected 1 but an en tire crew,347900,sticker  quisiera ser uno de ellos,282200,sticker  security,261300,why is there so many,232600,"sticker, that, must",48.0,🔴 TIÊU CỰC,98.0
https://www.tiktok.com/@idafolmann/video/7607913461363903757,seen a lot of you all exes out on the streets today #losangelesrain #losangeles #flooding ,82900000,12800000,76100,4400000,778473,83351.42,39.67,1101494.15,at least he finally opened up,401100,always out in these streets,336500,he even fell for you allover again,234600,how do yall know when to record,148600,tell him he can t park there,123900,"least, finally, opened",56.0,🟡 TRUNG LẬP,97.0
https://www.tiktok.com/@funnypaparazzi/video/7616294023040470303,Interesting design. #design #viral #satisfying #funny #tiktok ,141700000,9800000,30900,2400000,482459,313112.46,14.76,1733580.05,sticker  el 2,700000,yang keduaa itu sakit bgtt,327400,tecnologia,109900,this one is so fake,71800,la llave,51200,"sticker, yang, keduaa",60.0,🟡 TRUNG LẬP,97.0
https://www.tiktok.com/@dailychallenge0/video/7607528582654463246,funny challenge game #funny #challenge #game #usa🇺🇸 ,214600000,10300000,124600,4000000,803195,210499.13,13.49,942880.75,cool messi,624200,sticker  tri said,238400,anj hadiah nya ga ngotakkk orang sampe geger otak,235200,sticker,212700,edit nih,206900,"sticker, cool, messi",56.0,🟡 TRUNG LẬP,97.0
https://www.tiktok.com/@nataliireynoldss/video/7615426833458236685,they are so obsessed with me…  #fyp #nataliereynolds ,370300000,39800000,270400,5500000,2039223,727992.39,18.49,4957347.26,say what you want but she is funny as hell lmao,593300,sticker  это гениально,308100,i had to stop mid laugh once i realized who posted,305800,hsjahsjajsj,269100,this video made her about  75 000 btw,255100,"say, what, you",60.0,🟡 TRUNG LẬP,97.0
https://www.tiktok.com/@moviesfliker2/video/7619126304339725599,##bad_bunny #halftime #tiktoktrendig #bestclips#follow#followme #foryoupage ##bad_bunny #halftime #tiktoktrendig #bestclips#follow#followme #foryoupage #bad_bunny #halftime #tiktoktrendig #bestclips#follow#followme #foryoupage #tiktoktrendingsclip ###bad_bunny #halftime #tiktoktrendig #bestclips#follow#followme #foryoupage #Mrbean #supercool #amazing #fypシ゚viral ,171700000,8100000,65700,3300000,414040,637342.9,13.21,3440529.08,sticker  would ve just,497900,la mamá  no mami  eso no se hace,339000,sticker  хорошая реклама для durex,288600,nakal banget gasuka,286600,lack of discipline,283500,"sticker, would, ve_just",48.0,🔴 TIÊU CỰC,96.0
https://www.tiktok.com/@duydung980/video/7613324864073649439,Sleeping Prank #funny #funnyvideo #tiktok #foryou #fyp ,197100000,15700000,53300,3300000,1279904,305766.8,16.66,1809507.8,sticker  who will dry the first guy s bed,794100,the first one,681000,the woman who jumped out he window help,359800,sticker  yo siento que el primero se sintió comk en el titanic,197800,that first one is not a prank  they hate that man,184100,"first, sticker, who",56.0,🟡 TRUNG LẬP,95.0
https://www.tiktok.com/@madhavburrows/video/7614071827379260703,Funniest water slides#amzing#funnyvideos#foryou#fyp#usa,158300000,7600000,16000,957400,465510,265470.52,8.12,774905.57,first guy,521600,sticker  the one before the last one,207400,sticker  porque al primero le salio algo blanco,137100,,89400,а что у первого выпало белое,70900,"sticker, one, first",70.0,🟢 TÍCH CỰC,95.0
https://www.tiktok.com/@sandmeierswix/video/7618521274628721950,My boyfriend sent me this 🥲#house #gf #fail #fyp #girls ,122900000,5400000,25700,1700000,354194,398339.8,10.83,1723942.27,wtfffff,362900,la pregunta es porque se graban,88400,drowning yourself in pickles is actually crazy,52000,strong and independent,20900,that had to hurt,18100,"wtfffff, pregunta, porque",60.0,🟡 TRUNG LẬP,94.0
https://www.tiktok.com/@corerants_usa/video/7618602358896921886,#sadstory #emotionalstory #brainrot #aistory #animation ,94400000,4100000,17100,974200,287575,311260.95,9.42,1174905.33,us watching this,263100,always that damn song,123400,sticker  poor lemon,86600,this is ai guys  don t believe everything u see online,85600,sticker   honey it s getting late,79300,"this, sticker, watching",60.0,🟡 TRUNG LẬP,93.0
https://www.tiktok.com/@ishowspeed/video/7621300668329905422,#ishowspeed ,122100000,14800000,323700,1400000,1036358,948200.18,19.78,8756657.08,never in a million years i would think speed would cosplay as bakugo,298600,i swear speed is always sweating,190300,bakugo gotta be the most random cosplay wtf,113500,ta guapo el wey,100000,o único que realmente sabe o passinho do jamal,90200,"would, speed, cosplay",64.0,🟡 TRUNG LẬP,92.0
https://www.tiktok.com/@funny.vibes9259/video/7618111680362417439,#LIVEIncentiveProgram #LIVEFEST2026 #MakeLIVECount #PaidPartnership,92800000,5600000,35400,1600000,219945,277009.87,13.72,1497391.48,ini termasuk pembulian ngk sih,266800,sialan gak kena² dari tadi,211800,jangan main main  plisss ngga lucuu,117500,sticker  the goat,67800,sial apa yang aku harapkan tidak terjadi,56900,"main, ini, termasuk",72.0,🟢 TÍCH CỰC,92.0
https://www.tiktok.com/@gnsoppw/video/7613390803729190175,Bad Bunny will be a performer at the2026 Super Bowl LX Halftime Show on Apple Music#badbunnu #superbowl #noticiastiktok #mlb,145400000,2500000,42700,1500000,455124,227065.69,6.84,552398.03,sticker  tiktok,159400,как заинтересовать человека с 1 секунды,53000,kenceng bgt anj,48500,now that i got your attention ahh,35700,sticker  ahh intro,20000,"sticker, ahh, tiktok",68.0,🟡 TRUNG LẬP,92.0
https://www.tiktok.com/@funnybaby008/video/7617023159287565598,POV:you have a brother🙃#family #prank #brother #sisters #funny ,93000000,4300000,43700,724600,253153,229400.23,8.65,757884.53,and he will be the first to protect you,77100,he took her noodles,40400,the page turner guy had me howling,38400,that noodle grab was savage af lol,35000,the fuu,28700,"and, will, first",64.0,🟡 TRUNG LẬP,91.0
https://www.tiktok.com/@boogiebug0/video/7596114833477537054,#foryou #funnyai #tiktokfunny #viral #trending ,297500000,5300000,90800,6700000,665587,169258.25,11.52,600547.01,sticker,22700,sticker  estaba cagando y me levanté para bailar,16600,meu ex,4910,don t go down   there s no english,3879,kurdi leya,2447,"sticker, estaba, cagando",56.0,🟡 TRUNG LẬP,89.0
https://www.tiktok.com/@mundossalvaje/video/7614315668007111958,Adopté a Este Perro Abandonado,124000000,7300000,236200,781500,427689,213597.92,9.82,757182.35,por mi salud mental dire que es ia,212400,repitan con migo el ser humano es lo peor de este mundo,155100,maldigo a la familia que boto al pobre perrito,100000,me dolió tanto ver como lo tiraron,52900,les humains sont des monstres,38400,"que, por, salud",44.0,🔴 TIÊU CỰC,88.0
https://www.tiktok.com/@linkonstudio/video/7620182550220180767,"Money can lift you fast, but knowledge helps you solve problems",71900000,3500000,61000,544800,238241,357558.75,9.06,1394031.4,i almost got motivated,54100,power of money,46500,sticker  so   money,39700,money is money,35600,no one was expecting that ending,35200,"money, almost, got",76.0,🟢 TÍCH CỰC,88.0
https://www.tiktok.com/@goodjfvl7y9/video/7617844941594791199,LIVEIncentiveProgram #LIVEFEST2026 #MakeLIVECount #PaidPartnership ,119500000,2700000,37300,1400000,200287,339226.56,7.51,995640.45,real or madrid,42000,уже похуй если честно что смотреть,31700,sticker   one minute i feel shit  next minute i m the shit  really applies here,30200,хахаха ебите этот ком я хочу это вспоминать,19100,sticker  ai or ai,12100,"sticker, minute, shit",56.0,🟡 TRUNG LẬP,87.0
https://www.tiktok.com/@rmvyifgcjef/video/7615967266886225182,The fast reflexes of parents 🥰🥰 #fastreflexes #usa🇺🇸 #kids #funny #baby ,113600000,6500000,12700,526700,315081,239808.74,8.43,753110.95,kids be like,669500,why are all of these kids trying to dive into the abyss,216000,the end,195100,it s so difficult tryna keep those things alive i don t want one,75400,ya entendi que la parte mas dificil de tener hijos es mantenerlo con vida,51500,"kids, like, why",64.0,🟡 TRUNG LẬP,86.0
https://www.tiktok.com/@walnutthefluffycorgi/video/7610465341919087902,#corgi #fluffycorgi #pembrokewelshcorgi ,80000000,13100000,47300,4600000,744021,96438.7,42.28,1394558.73,had to make sure we were watching,913500,how did you teach him to do this lol,346500,look back at it,100900,are you filming mom,92100,walnut knew who he was from a young age,71100,"you, had, make",72.0,🟢 TÍCH CỰC,86.0
https://www.tiktok.com/@edwinchenn/video/7591886340782902583,Yall think its loud enough 😭 #dog #funny #viral ,99500000,14400000,73400,4700000,1310890,48987.33,37.47,554522.52,it sounds exactly the same,981400,the mic makes it 10x louder omg,724000,sticker    auww,616400,not even barking atp just full on screaming,503200,aaauuuuuwwwwwwwwww,338800,"sounds, exactly, same",48.0,🔴 TIÊU CỰC,85.0
https://www.tiktok.com/@seal_sealion/video/7618459649402096910,#walrus #viral #fyp ,76300000,1500000,25200,701800,110424,244148.28,6.15,598101.32,i know the whistle smells wild,33600,you can never predict your next scroll on tiktok,11100,jamie,9794,me after putting a hot pizza roll in my mouth,9407,i thought this was donald trump,7739,"know, whistle, smells",60.0,🟡 TRUNG LẬP,82.0
https://www.tiktok.com/@boiledburgers/video/7603816463446641950,Time for work! ,103900000,16400000,61000,1400000,971937,82488.94,24.1,640476.51,i m crying what is your problem,2000000,i too would cry if i had to drive 52 mins at 6 am,884500,so are you the nurse or patient,457900,12 hour shift and an hour drive is insane,412900,this is how katie fang started,367600,"drive, crying, what",60.0,🟡 TRUNG LẬP,81.0
https://www.tiktok.com/@10001223gfa/video/7618578100871384350,,79300000,2500000,18600,534200,157865,260123.19,6.49,675924.92,ai tapi lucuu,23300,todos sabemos que es ia pero causa risa igual,12600,ai or real,8967,ai gak sihh,8930,с какого момента вы поняли что это ии,6318,"tapi, lucuu, todos",48.0,🔴 TIÊU CỰC,81.0
https://www.tiktok.com/@_chelsea_brown_4/video/7605396290830093582,Make sure you get your toddler a golden retriever!!! #goldenretriever #bestfriends #puppytiktok #goldenretrieverpuppy  #toddlerandherdog ,85400000,17500000,58600,2200000,930733,73786.57,34.2,822806.28,cant explain it but her laugh is so pixar coded,860100,i can t decide whether this is a core memory for her or for you,809000,he was a good dad in his past life,469100,the dog  the little giggles  strawberry wine playing in the background    this is pure bliss mam   you ve won at life,326700,sticker  asi empiesa un pelicula triste,321900,"her, this, you",56.0,🟡 TRUNG LẬP,78.0
https://www.tiktok.com/@10001223gfa/video/7610736223761599774,,312000000,9500000,99400,1600000,513890,384238.69,5.65,745311.05,like father like son,66500,tu souris  c est ton enfant,23700,qui a remarqué que à cause de tiktok la télévision n a plus d importance,15600,who noticed that because of tiktok  the television is no longer important in the house anymore,11800,i miss the world before ai,10400,"like, father, son",60.0,🟡 TRUNG LẬP,78.0
https://www.tiktok.com/@pokko42/video/7609112456161545502,71cent babyboo #babyboo #pokko #aidance #tiktokfunnyvideo #funnyai,90100000,8900000,32700,4900000,609654,98250.36,33.73,1117043.51,i feel like a facebook mom watching this,336500,sticker,127400,someone s humor btw,118200,dia pas muter kepalanya lucu bangett,104600,i was about to laugh until someone said  someone s humor btw,47300,"someone, humor, btw",56.0,🟡 TRUNG LẬP,77.0
https://www.tiktok.com/@nicollefigueroaa/video/7615396739054390541,Estaba temblando JAJAJA,117000000,10700000,36900,263900,480667,229139.94,11.34,956798.89,ni de chiste me subo,681200,ella tipo,664300,necesitamos ver el video si o siiiii,358900,sticker  nikki después de ver lo alto que era,358700,la chica,337900,"ver, chiste, subo",60.0,🟡 TRUNG LẬP,76.0
https://www.tiktok.com/@71cent/video/7604571763346836750,Yo wassup khols ❤️ #babyboo #danceoftheday #dance #funny ,87100000,10200000,56200,3200000,646050,71941.03,28.76,670337.41,someone saw this with 0 likes btw,582500,im crying whats your problem,431300,she gon call me baby boo,280700,siapa sih pencipta dance ini,189100,do you get extra time on tests twin,163300,"someone, saw, this",60.0,🟡 TRUNG LẬP,75.0
https://www.tiktok.com/@catutucom/video/7599837313052593429,#funnyvideos #cutecat #catsoftiktok #funny #cats ,85300000,14700000,38000,2800000,669281,56232.39,32.81,579424.55,sticker,281100,dah ah males    sayang aku bisa jelasin tunggu,99500,mirip,82900,sticker  yo al ver q el traductor traduce el idioma del primer gatito q salio,73900,el gatito de atrás  dame tus orejas  damelaaaaas,65000,"sticker, gatito, dah",48.0,🔴 TIÊU CỰC,73.0
https://www.tiktok.com/@cat.mind6/video/7613735137058082062,#tiktok #cutecat #cartoon #catstory ,93200000,2300000,40800,1700000,193991,150798.42,10.48,564603.45,sticker,375100,мужики вы чё,146000,la ia viendo el guión,60400,con al khi xem kịch bản,50600,this behavior is not appropriate in society  especially for children,47100,"sticker, мужики, ia_viendo",52.0,🟡 TRUNG LẬP,72.0
https://www.tiktok.com/@lulumelontv/video/7614364582382963981,Strawberry Dance🍓 #aibaby #babydance #aidance #viraldance #babytiktok,102100000,3600000,34900,1700000,312277,176837.71,11.17,713506.5,tebak umur penonton,15300,it s disturbing how adorable i find it,7868,llegue a la edad donde me dan risa estos videos,4920,sticker,4861,kebesaran allah  strawberry bisa joget  mashaallah  ajaib,3530,"tebak, umur, penonton",88.0,🟢 TÍCH CỰC,71.0
https://www.tiktok.com/@khaby.lame/video/7615318641042623775,"Today is my birthday, but I can’t get inside. Thank you for all the messages ❤️🫶🏾#comedy #learnfromkhaby ",152500000,5600000,42900,400600,218761,295736.55,5.21,566264.24,sticker  haven t seen bro in years,233800,happy birthday khaby lame button,114800,а зимой как,74300,alguien lo está viendo un lunes por la tarde,31700,sticker  how did he turn on the lights,15900,"sticker, haven, seen",60.0,🟡 TRUNG LẬP,71.0
https://www.tiktok.com/@jul.spamz.fr/video/7608248907960814879,i’m scared,141300000,22800000,249900,3100000,1808790,145237.05,29.11,1412597.74,he s a history teacher isn t he,1300000,bro was like  are you recording me,578900,is that a cellular device,461700,what could possibly be the context for this,440900,what could of possibly possessed him to do this,185500,"what, could, this",68.0,🟡 TRUNG LẬP,67.0
https://www.tiktok.com/@nfl/video/7604678425932074254,❤️👏 #AppleMusicHalftime #badbunny #superbowl #nfl @Bad Bunny ,134400000,17000000,91800,549600,869587,111645.01,16.36,592303.69,yes     he named all the countries in america   because it s a continent not a country,862500,fully believe that trump couldn t name half of the countries,637800,it s crazy how people are ignoring his message  together we are america,630800,yess bad bunny name all the countries,610400,didn t leave a single one out,598000,"countries, all, america",20.0,🔴 TIÊU CỰC,66.0
https://www.tiktok.com/@jenacouture/video/7590452972828593463,🐐 #traveltiktok #traveltok #morocco #travelbucketlist #fyp ,92400000,16800000,86800,6000000,1253591,43505.99,48.41,632678.95,i can see how early humans would think this was demonic now,753700,the floor is lava,584300,this tree so goated,518600,sticker   my family tree,339800,this would send me into a psychosis,276300,"this, would, tree",48.0,🔴 TIÊU CỰC,53.0
https://www.tiktok.com/@lexusrichards2/video/7616084046807960863,We was on the way to the football game and I found this in my camera roll my son is a trip I just realized he laughing cause my titties was on his head 😂😂😂 I was lookin for some in my trunk #fyp  #funnyvideo ,87100000,9500000,55600,3400000,500538,186847.95,28.37,1979806.31,he gone be funny asf omg,631600,mind you he definitely knows the song,541800,he must be funny asf af as fuck,403000,what s the rush   he funnyyy,383900,bro he funny asfk,309000,"funny, asf, gone",92.0,🟢 TÍCH CỰC,50.0
https://www.tiktok.com/@ai.movie66/video/7611968349483896078,tung tung helps brr brr patapim #italianbrainrot #tungtungtungsahur #tralalerotralala,154900000,5700000,18600,1500000,311639,211518.83,8.18,602802.75,sticker  ai reading the script,304400,us watching ts,120600,sticker  the fact i actually watched the whole thing,108800,us watching this,97500,me preocupa la seriedad con la que veo esto,92600,"sticker, watching, reading",84.0,🟢 TÍCH CỰC,42.0
https://www.tiktok.com/@byefarzy/video/7594661131772333342,So funny for no reason 😂😂😂😂  @Anwar Jibawi #fyp ,109900000,16200000,109100,3400000,1580454,59351.29,31.63,574078.67,my son died  bro,910900,bro this might be ur best video,620100,alr i made a new meme chat here it is,609100,js use the pencil method,422800,the villain,402100,"bro, son_died, this",80.0,🟢 TÍCH CỰC,39.0
https://www.tiktok.com/@zvsmdmf/video/7617513225063566623,Do you understand this story? She betrayed her. Do you think they are best friends?#barbie #funny #shorts #cartoon #story ,97800000,4100000,13900,260100,238651,261689.75,6.02,609306.66,he was so loyal 2 videos ago,155600,will you marry me   when they re already at their wedding is wild,152200,us watching this,82800,im starting to like these ai video s,70100,how i felt watching this,59800,"watching, this, was",84.0,🟢 TÍCH CỰC,38.0
https://www.tiktok.com/@rarity_eddie/video/7615724915156667679,They said it couldn't be done. So we did it. What else should I try? #hooverdam #waitforit #whatishappening #oddlysatisfyingvideo #traveltok,79700000,7200000,19700,285200,380536,162858.3,11.95,721039.91,sticker  so we re made of 70  water right,1200000,how dafaq is this possible,640200,hoover dam when raining,280200,in that case,237400,well i ll be damned,214900,"sticker, made, water",60.0,🟡 TRUNG LẬP,21.0
https://www.tiktok.com/@jetm060/video/7593374067630132511,Thank you @Texas Roadhouse he loved it 🥩,76400000,13600000,28600,3300000,744154,39484.76,38.08,457113.25,jack jack is that you,963500,he ain t come up for air not once,656600,pediatrician here  it s extremely dangerous to serve steak to a baby without a baked potato,438100,it s instinct  what humans were made to eat,343900,babies trying steak for the first time is always so cute,285300,"jack, steak, that",68.0,🟡 TRUNG LẬP,19.0
https://www.tiktok.com/@gymmmmm23/video/7611573338502090015,#gym #gymmotivation #coreexercises #beforeandafter #corestrength ,135600000,6300000,75300,1100000,358714,178917.85,8.8,545412.39,just imagine how much strength it takes to move that weight  and brother was doing deadhangs  running and playing basketball,312400,day 500,286900,never been more proud of a stranger,173100,sticker  people hating,136500,sticker  respect,102200,"sticker, just, imagine",84.0,🟢 TÍCH CỰC,19.0
https://www.tiktok.com/@nfl/video/7604672230743706894,BALL SECURITY ON POINT 🏈 #nfl #superbowl #badbunny #applemusichalftime @Bad Bunny ,80300000,9900000,32700,385800,550039,66682.37,16.39,354285.16,for those that need translation bad bunny said  i never stopped believing in myself  and then he points at the camera and says  and you shouldn t stop believing in yourself either,362600,ícono  nada más,287300,me the whole time knowing damn well i dont understand what he s saying,170000,he brought out all the flags  i never felt so represented,137900,papi delivering the sauce,132600,"never, believing, those",68.0,🟡 TRUNG LẬP,17.0
https://www.tiktok.com/@cuteandchubbycat/video/7600087972297395487,#funnyvideos #animation #aicat #orangecat #cartoon ,510800000,13300000,131500,1300000,853897,340373.04,4.17,446963.32,sticker  3m like,273000,sticker  8m likes,188400,сгенерировано ии,61600,sticker  lo ví completo y me gustó es normal,56700,gini doang 3jt anj,49300,"sticker, like, likes",64.0,🟡 TRUNG LẬP,15.0
https://www.tiktok.com/@nam.nguyen4503/video/7614837821668363551,Funny video #funny #street #prank #moment #usa ,106000000,2500000,28600,453400,172915,193876.43,4.61,325718.21,,9674,sobre actuado,3506,it s so fake,1839,yg pertama kirain lina mukerji,1512,pero parece todo montado jajaja,1221,"sobre, actuado, fake",50.0,🔴 TIÊU CỰC,15.0
https://www.tiktok.com/@fallontonight/video/7592860852861062431,@SIENNA SPIRO performs “Die On This Hill”! #FallonTonight #TonightShow #SiennaSpiro ,75300000,12400000,27000,388800,913349,38259.89,22.24,258180.58,she sounds exactly the same   i love it,946200,the fact that this is her singing live,760000,no auto tune  she can singgg,348000,she got that adele kind of voice,298700,her and olivia dean are about to save music,260100,"she, that, her",64.0,🟡 TRUNG LẬP,14.0
https://www.tiktok.com/@shecidavila/video/7612095485444230414,hair or no hair I’m still me 🤍 #chemohairloss #ovariancancer #cancersucks #chemotherapysideeffects #ovariancancerawareness ,94700000,10700000,119200,244000,416109,130780.23,13.9,634304.08,he looks like he wants to cry but staying so strong for you,791600,oh darling that man loves you so much,673700,owwwwww,538300,befor      after,488300,but when that hair grows back the pixie cut will be so tea on you,351800,"you, but, looks",64.0,🟡 TRUNG LẬP,13.0
https://www.tiktok.com/@tungtung.sahur6763/video/7620826343135038734,Tung tung finds gold fridge #italianbrainrot #tungtungtungsahur #tralalerotralala,70200000,1600000,5957,145300,104253,440178.29,3.57,704882.94,sticker  the story,8821,,3898,уже пох что смотреть если честно,1220,demen bgtt nonton begini ann,1065,real or madrid,662,"sticker, story, уже",65.0,🟡 TRUNG LẬP,13.0
https://www.tiktok.com/@paulcuffaro/video/7589514054885068062,Lola tries fish for the first time🥹🐟,86000000,13400000,55000,1400000,902174,39366.92,25.37,298879.74,great now i want a baby otter,509500,these right hereeeeeeee     eeeeeeekkkkkk  she is too precious,490600,how tf did you get a baby otter,466100,you guys look alike no need for a dna test,307500,sea otter  river otter,244600,"otter, baby, you",96.0,🟢 TÍCH CỰC,13.0
https://www.tiktok.com/@imnorag/video/7603282923076209951,Special visitor ✨ #blessings #hummingbird #babygirl,89300000,14700000,56100,860200,642692,69007.38,22.6,500597.47,congratulations on the birth of your disney princess,1100000,a female loved one who passed is visiting your baby,936800,oh yes  very nice  very nice baby indeed  good job mama,642400,hummingbird is jamaica s national bird  they do not approach anyone  this is special,583900,es ella,383000,"baby, very, nice",100.0,🟢 TÍCH CỰC,13.0
https://www.tiktok.com/@megaamerican/video/7602002849236553015,,114900000,14200000,41800,730500,623757,83450.94,16.6,440968.73,gods creation is so beautiful,357600,trs bagaimana dengan keindahan surga jika dunia saja seindah ini,233200,please look for her,146200,mega          me,90800,hello mate,77800,"gods, creation, beautiful",84.0,🟢 TÍCH CỰC,12.0
https://www.tiktok.com/@brownhikingtrails/video/7591207887142145294,"When they say “he needs his own bed”😆 Yeah he doesn’t want his own bed, he wants their bed🥺💕 #GoldenRetriever#deer #buck #dog #fyp              ",94800000,14200000,31500,1700000,708835,45686.26,24.46,336703.03,and i just kinda live there now,1100000,3 beds and they are all in the same one,1000000,dont look at me  you were the one who said we should get a puppy,471100,the look,328800,dear god,305000,"one, look, and",56.0,🟡 TRUNG LẬP,12.0
https://www.tiktok.com/@goddam.ghonzo/video/7593919918974750007,swipe to the beat :3 #fyp #fypシ #catanimation ,114500000,10500000,212700,3500000,1162036,60275.05,24.81,455855.31,i m a monster,542100,me seeing what i do,438600,а че другие не отлетают,246600,sticker  why tf was i still swiping after that,202400,sorry bro,151600,"monster, seeing, what",60.0,🟡 TRUNG LẬP,11.0
https://www.tiktok.com/@nobrainjames/video/7596813304157179166,why did she get so mad 💀#roblox #prank #funny #memes #comedy ,90700000,8400000,54000,1900000,1298740,52963.61,22.06,360962.55,i love you baby,1600000,do u guys think ur funny,752700,family picture,697200,this is actually what having parrots is like btw,545800,can you guys stoppp,332600,"you, guys, love",72.0,🟢 TÍCH CỰC,11.0
https://www.tiktok.com/@usa.clips60/video/7617894229712309534,#LIVEIncentiveProgram #LIVEFEST2026 #MakeLIVECount #PaidPartnership ,85000000,1300000,22100,480300,71764,243493.12,4.09,390219.31,болеет наверное,17700,esa jirafa va a tener pesadillas,17000,the giraffe was like wtf,8009,la jirafa,6998,la jirafa    apenas lo conocí y se fue,6942,"jirafa, болеет, наверное",44.0,🔴 TIÊU CỰC,11.0
https://www.tiktok.com/@brookemonk_/video/7616832546759920926,,77400000,5000000,16400,51500,226298,185279.51,7.65,538377.86,,826700,sticker  brooks face when he first said baby,307400,sticker  after video,199400,maybe this,172400,it s her decision anyway,108100,"sticker, brooks, face",40.0,🔴 TIÊU CỰC,10.0
https://www.tiktok.com/@boogiebug0/video/7606863988164513054,I finally stopped gatekeeping — how I make these AI videos #foryoupag #fyp #viral #funnyai #tiktokfunny ,75200000,2900000,38000,2400000,276146,70778.73,17.83,416328.3,se parece a nando bailando,29200,futuros millonarios comentando amén,24600,ai reading the script,18200,no one is better than the original,13700,que ase karen torres hay,6455,"parece, nando, bailando",72.0,🟢 TÍCH CỰC,9.0
https://www.tiktok.com/@spinningfish01/video/7604090694952668446,SpinningFish#blockblast#fish#funnyanimals#fyp #viral ,134300000,6600000,44000,2200000,342453,108148.71,12.3,429355.19,who s sponsoring this,161200,finally my fyp is back to normal,76100,sticker  4 1m for what,72300,mis sueños con fiebre,48900,sticker  baru nemu iklan sampe 3 jt like jir,28200,"sticker, who, sponsoring",80.0,🟢 TÍCH CỰC,8.0
https://www.tiktok.com/@andrewjames.24/video/7589579358612884766,Not the upside down spawning at LAX pls- #strangerthings  ,102800000,11700000,113500,1600000,842878,47148.56,20.29,286342.41,uhhhhhhhh,657900,vecna you better stay down der,475100,we have a tutorial on netflix,448700,should i stay or should i go,432300,no cuz i m serious what is that,417200,"stay, should, uhhhhhhhh",44.0,🔴 TIÊU CỰC,8.0
https://www.tiktok.com/@tisipbign1/video/7596058593103744263,"This is the most beautiful wallpaper I have ever seen, The most beautiful 3D wallpaper. Ultra clear 8k wallpaper. 3D naked eye wallpaper. los26 wallpaper. iPhone wallpaper.HD wallpaper.lOS26 how to get 3D spatial wallpaper background for your iPhone How to set up iPhone wallpaper tutorial How to apply iPhone live wallpaper 8K wallpaper.Click the link in the lower left corner to download capcut to get the wallpaper #capcut #capcutforus #capcutpioneer #ios26wallpaper#iPhonewallpaper ",183600000,1800000,12000,2300000,204569,104240.56,6.34,203411.76,people who beleive this,4330,whats,1697,wallpaper overlaps the cellphone,454,bruhh,266,comment sa se fait son portable et en mode d avion est se qu il peut connecté regarder bien le portable,115,"people, who, beleive",64.0,🟡 TRUNG LẬP,8.0
https://www.tiktok.com/@goodforearz/video/7598716567794339075,Crazy Chihuahua  #chihuahua #dogprank #funnydog ,79800000,2500000,47400,1100000,198430,50207.51,9.51,149047.91,ai,7076,this is very traumatic for the animals,3839,no sé cómo   pueden pensar que es gracioso hacer eso  los gatos  al igual que una persona  puede sufri un infarto  eso es crueldad animal,2664,even if it is ai    it s still funny,739,it s not funny  my cat still hiding for 3 days,713,"que, eso, still",48.0,🔴 TIÊU CỰC,8.0
https://www.tiktok.com/@aljazeeraenglish/video/7612442406960614687,"Israelis filmed the moment an Iranian missile broke through Israel’s air defence systems to strike a target in West Jerusalem, in retaliation for Israel’s war on Iran. #news",104300000,4100000,33200,270200,255269,148732.34,5.77,300648.47,i can t believe we watching war on tiktok,152200,that doesn t even compare to what israel did to palestine,89600,may god protect innocent people,66200,what is happening in the world  can we just have peace,55700,iran has a right to defend itself,43800,"what, can_t, believe",52.0,🟡 TRUNG LẬP,7.0
https://www.tiktok.com/@viltis_nobrakes/video/7596726487751871762,#CapCut @виджиэм ,174800000,13100000,43300,1100000,733250,101739.39,11.32,355708.18,rolex ah ah ah,1100000,tus personajes som estos,646900,ha  ha  ha  ha  ha,624200,rolex ah ah ah,504400,is she ok,476300,"rolex, tus, personajes",76.0,🟢 TÍCH CỰC,7.0
https://www.tiktok.com/@brainrot.stories12/video/7616012099432647950,Tung tungs get lucky #italianbrainrot #tungtungtungsahur #tralalerotralala,96300000,3000000,15100,305700,223431,204539.54,5.11,389898.59,bro,115000,sticker  the end,60600,era necesario el beso,20200,ai or treasure,7529,sticker  que verga con el final,6714,"sticker, bro, end",72.0,🟢 TÍCH CỰC,7.0
https://www.tiktok.com/@juliannagrwm__/video/7593591126066466062,just ordered a new set.. #bedazzling #fail ,81800000,10000000,43900,385400,376954,42584.49,15.6,202172.61,i m gonna scroll ok,1100000,closed it  flip it and pray,949300,i wanna scroll but i feel bad for leaving you behind with this,774900,tbh just return it and say it came upside down,710100,try the ramen method,356000,"scroll, gonna, closed",48.0,🔴 TIÊU CỰC,6.0
https://www.tiktok.com/@realjayllnn/video/7610904549506698509,#challenge ,112200000,5500000,23400,868000,185791,140050.57,8.53,410890.45,sticker   rolex rolex rolex,987500,hahaa   hahaa  hahaa,782500,rolex rolex   haha  haha,447300,kayanya si rolex sayang bgt ya sama si chanel,309100,да купите вы ему уже этот шанель,142700,"rolex, hahaa, haha",68.0,🟡 TRUNG LẬP,6.0
https://www.tiktok.com/@rumishasimab295/video/7605936714254667039,Jake paul show his new Jaw new teeth #jakepaul #jakeanthony #anthonyjoshua #viral_video #boxin ,309700000,5800000,43900,839700,331696,275917.09,3.31,298770.57,hm,239200,me siento como una anciana que no reconoce la ia,211800,последняя стадия брекетов,165900,it is real,154200,imagine chewing and it starts saying battery is low,121400,"siento, como, una",44.0,🔴 TIÊU CỰC,6.0
https://www.tiktok.com/@moreliketoritilla/video/7596155608630299934,New fear ✨ unlocked ✨ ,182800000,11800000,85700,2000000,684511,104157.55,12.05,386527.07,why is it grabbing onto things,1400000,my next move,1100000,sticker  now imagine if that happened while u we re on the toilet,1000000,this would literally sent me into psychosis i m not even kidding,943000,first i thought it was a cats tail then a snake now idk what the hell that is,851300,"now, that, why",44.0,🔴 TIÊU CỰC,6.0
https://www.tiktok.com/@serene.hesri/video/7611339751471336717,I didn’t realize how quickly I memorized this by listening to it from the beginning of my painting…. Surah Ahzab - ayat 35,84400000,8300000,96900,173300,532614,109186.21,12.78,482144.34,real muslim don t judge,143500,i have a feeling serene might be a hijabi some day,121700,ماشاءالله تبارك الله احسها افضل خواتها,115400,i am jealous with arabs coz they can understand al quran easily  as us have to remember the arabic without knowing the meaning first,110700,surah al azhabbbb omg that surah is beautiful,102100,"have, surah, real",68.0,🟡 TRUNG LẬP,6.0
https://www.tiktok.com/@whitehouse/video/7591235697151855886,FAFO. ,81100000,8500000,53500,1700000,595122,39117.8,21.2,249871.36,last thing maduro saw,384400,maduro hoy en la madrugada,255100,bro is this actually the white house s tiktok page,148500,venezuela was like  he s over here,139500,how trump is feeling rn,130000,"maduro, last, thing",68.0,🟡 TRUNG LẬP,6.0
https://www.tiktok.com/@bbranson8/video/7605949028395781389,decorating my boyfriends back with sparkles @Henry Metzger ,142700000,9700000,17300,1500000,455831,127224.33,11.98,499307.25,он типо,467200,cómo se sintió el,225300,i d rather be shiny,157800,what are your intentions with my son  bedazzling him idk,87900,у него скитлстрянка,83300,"типо, cómo, sintió",56.0,🟡 TRUNG LẬP,6.0
https://www.tiktok.com/@pranktime799/video/7610373808041610526,Failure paves the way for success#cookies #funnyvideos #fails #fyp ,76200000,2500000,6724,461200,123373,91208.42,6.21,193355.01,me dio pesar el de el huevo,40400,waktu masukkin telur,32000,sakit banget si itu udah masak mie terus telornya busuk,11300,lo de los cangrejos es muuuy cruel,9657,the rotten egg will surely upset me,7002,"dio, pesar, huevo",36.0,🔴 TIÊU CỰC,5.0
https://www.tiktok.com/@kaitlinberry1/video/7590437822520200462,happy new years from new york! 🪩🕺#newyork #timesquare #newyear #confetti ,108200000,12600000,28700,267000,712379,50921.82,14.66,224227.17,thank youuu,1700000,i can t make it  i m throwing confetti out the window at 12am,851000,i would ve gotten too excited and accidentally fallen out of the window and ruined everyone s time,843100,one thing i learned  people volunteer to throw the times square confetti and it s not canons  conclusion  too many people signed up this year,810700,how do you even grt this job,588100,"out, people, this",56.0,🟡 TRUNG LẬP,5.0
https://www.tiktok.com/@pavlov_family_tt/video/7612707779282881810,С четвёртым пока туго 🫠,73700000,3000000,55100,785100,144662,107666.56,9.07,343646.47,sticker  vamos hermanos porque si no  nos hacen otro hermanito más,54900,and they think it s funny,45000,даже дети понимают что вас нельзя оставлять одних,40700,el perro por si acaso asen un gato,33500,the boy even carried last born so that they can reach faster,28300,"they, sticker, vamos",64.0,🟡 TRUNG LẬP,5.0
https://www.tiktok.com/@tom076867/video/7598064407477800223,#fyp ,81100000,4300000,3509,89900,228729,49706.54,6.6,102037.04,that s meee,346700,the mime and the grandfather,113600,i just know he s a girls dad,58100,hes like a dad to the girls and its so cutee,39900,got a picture with the diva himself when i went to sea world a year ago,22300,"dad, that, meee",84.0,🟢 TÍCH CỰC,5.0
https://www.tiktok.com/@travischapmanart/video/7592002455152381215,"Kip’s first attack on the capybara labs was a massive success and it sent them back several months of production. While they were rebuilding, they made a plan to stop this weapon of mass destruction. It was the mammary canon of milk but nothing goes to waste in the jungle. To be continued…  The Capy cartel is a well run enterprise with farm to glass coffee table production of product. They have chemist in remote labs and a guerrilla security force working the mountain passes. And Sicario’s keep the local politicians in line. The Diaz brothers run the show. And they were the main competition for Kip and Pablo circa 1984. ",128400000,10500000,39800,4900000,805140,63450.13,25.39,486874.87,i m not using my creativity to it s full potential it seems,232900,sticker,106900,tu pintaste esto,104500,veo talento,88300,the painter,59900,"not, using, creativity",68.0,🟡 TRUNG LẬP,5.0
https://www.tiktok.com/@amauryguichon/video/7602301406300687671,Judy got cake! 🐰🥕 The sweetest little detective! #amauryguichon #chocolate ,76600000,3700000,24400,241000,146153,56425.04,6.72,121000.78,he made the whole thing out of chocolate and yall are complaining about the face,399200,es el primero que siento que no le quedó bien jajaja,175000,this is the first time i ve seen him fail at making the character,131600,sticker,91900,sticker  critican cuando ellos no pueden hacer ni la mano,82300,"que, sticker, made",40.0,🔴 TIÊU CỰC,5.0
https://www.tiktok.com/@mindalchemy0236/video/7586488558471499038,Cute baby cool dance 😂 #cute #cutebaby #bossbaby #babydance #ai ,111200000,2600000,40700,1200000,232552,46717.77,7.36,101710.04,সালমান খান নয়   শাকিব খান নয়  হযরত মুহাম্মদ সাল্লাল্লাহু সালামের ভক্তদের দেখতে চাই,2984,sadiya  সালমান খান নয়   শাকিব খান নয়  হযরত মুহাম্মদ সাল্লাল্লাহু সালামের ভক্তদের দেখতে চাই,1121,sticker,908,allah pak ke naam ko like karte jao,634,hy allah,601,"া_ন, া_ল, স_া",80.0,🟢 TÍCH CỰC,4.0
https://www.tiktok.com/@justinflom/video/7587665530102746399,The wall looks like it’s melting!,173100000,11900000,62000,1500000,840922,75126.01,11.87,265051.78,see my brain didn t like that,722600,that was trippy even before they were placed together,353000,в этой комнате не пьем,282700,thanks  that was very uncomfortable,252600,me trying to break the illusion,248500,"that, was, see",36.0,🔴 TIÊU CỰC,4.0
https://www.tiktok.com/@jokoool0/video/7609742774140800287,Back Therapy #fyp #therapy #relax ,126500000,3100000,47800,793200,203366,144360.48,5.52,270181.48,you only post those who survives,242300,careful guys,172000,someone said  they post only those who survived,132800,donde se ubica la clínica,77700,50 likes y me la pongo de perfil,58600,"only, post, those",60.0,🟡 TRUNG LẬP,4.0
https://www.tiktok.com/@jokoool0/video/7605286505828945182,Back Therapy #fyp #therapy #relax ,181500000,2900000,65600,1100000,184020,155863.08,4.4,223321.31,back therapy   last therapy,324100,живучая попалось однако,278500,добивает что ли,208400,you post only who survives,166900,y al final soltó la información o no,164100,"therapy, back, last",36.0,🔴 TIÊU CỰC,4.0
https://www.tiktok.com/@robugc5/video/7593397348894625079,#Virralvideo #trading #foryou #please #growmyaccount #forme ,80700000,1200000,24300,472500,271811,41739.7,4.9,62188.44,my love,228,love,85,i love you,65,jolibilité j adore,60,call  me,45,"love, you, jolibilité",100.0,🟢 TÍCH CỰC,4.0
https://www.tiktok.com/@mariammarksart/video/7611781668784901406,Who put the muffins in the freezer? #muffins @Tiagz #shrek #donkey #prank ,72200000,3000000,33100,573700,147127,96989.2,8.04,270869.83,who else watching this with me in 1st of march,26600,you never know what people are doing in their home,23800,aye this is dope  the donkey and your teeth just omg,19800,who watched this more than once,14700,nothing,9037,"this, who, else",36.0,🔴 TIÊU CỰC,4.0
https://www.tiktok.com/@keiiti.suranga/video/7602206684735491358,Trampoline Park🤣#park #funny #fail #funnyvideo #tiktok ,82500000,3500000,14900,793600,241352,60498.95,9.0,173597.92,ouch,365600,oh that hurt,114200,ну не смешно же  это очень больно,52300,me the whole time watching this,52100,i can t even laugh most of these look really painful,51300,"ouch, that, hurt",48.0,🔴 TIÊU CỰC,4.0
https://www.tiktok.com/@addreurbgsyz3/video/7597730086900469022,Dads reaction when he saw his daughter playing with little boy 🤣🤣#dad #love #baby #dadlove #daddysgirl    ,92000000,10300000,30500,1300000,529327,55649.49,18.64,322053.69,meanwhile her mom,260399,,163100,all the dads,148600,this is normal  boy moms  you feeling this way is not normal  thanks,114600,my favorite reaction,107000,"this, normal, meanwhile",80.0,🟢 TÍCH CỰC,4.0
https://www.tiktok.com/@eterna.stores/video/7603155258348457246,"She was very beautiful, they were not allowed to touch her…#tiktok #viral #fypシ #fyp ",81600000,4600000,12300,66200,240310,62656.86,6.88,138160.76,the disrespect to dig up someone grave,573200,i m mad they found her,484000,always breaks my heart to see that humans  selfish curiosity destroys a person s last wish for peace and privacy,473100,so were just grave robbing still and calling it science and exploration come on,165100,cleopatra real face footage  gng,145400,"grave, disrespect, dig",36.0,🔴 TIÊU CỰC,3.0
https://www.tiktok.com/@olympiacunningham/video/7612603213820284173,#fyp #foryou #foryoupage #funny #usa ,106600000,3500000,27800,316800,146211,154213.57,4.94,267457.03,walaupun cuma ekting tapi gue greget anj,152400,a quien más le dió ansiedad ese vídeo,119500,he is proof that being calm can save you,102300,omo i was panicking until i realize it wasn t my problem,85300,this man saved my life,61800,"walaupun, cuma, ekting",80.0,🟢 TÍCH CỰC,3.0
https://www.tiktok.com/@aljazeeraenglish/video/7611868575145430303,Video shows the moment an Iranian missile struck a United States military base in Bahrain. The strike was part of Iran’s retaliation for Israel–US attacks across Iran. #news #Bahrain #breakingnews #Iran,83600000,3200000,20500,390800,215022,113158.94,6.52,256613.78,is this possible to just live our freaking lifes without war,141900,we the people do not want this war,131900,iran warned the us not to attack them or allow israel to attack them  this is what you get  also wtaf is the us doing in bahrain,84500,let s prioritize peace instead of war,66200,mind u i js woke up,58900,"this, war, not",52.0,🟡 TRUNG LẬP,3.0
https://www.tiktok.com/@abc7chicago/video/7602298069006208286,"Two masked men armed with a sledgehammer smashed through the window of a west London jewelry store in broad daylight on Saturday morning, January 31, and grabbed multiple items from a display window before fleeing on foot. Dramatic footage captured by Amy Hilton opposite the Gregory & Co jewelry shop in Richmond shows one of the two suspects repeatedly hitting one of the shop’s windows with a sledgehammer, while the other suspect waits by his side holding an empty Ikea bag. The two then start throwing the jewelry displayed in the shop’s window into the bag, as one of the workers inside the shop tries to stop them. The pair then run away down the street. Hilton told Storyful that she was having coffee with her boyfriend in a cafe opposite the jewelry store when she witnessed the robbery. The Metropolitan Police said they were investigating the “aggravated burglary” and urged witnesses to contact them, according to local reports.",98500000,2800000,88200,470600,232658,72545.45,5.64,130502.5,this the slowest robbery i ve ever seen,223600,this can never happen in any county in africa we are our own police,173200,whats this interesting young man doing,170000,wow broad daylight robbery    this can never happen in nigeria,75100,and nobody does a single thing to help the shop owners,69000,"this, robbery, can",64.0,🟡 TRUNG LẬP,3.0
https://www.tiktok.com/@mother.world.baby/video/7595619591385074974,from 7 days not cry 😭#newborn #unfreezmyaccount ,231600000,7000000,166500,1700000,424183,129407.12,6.65,264435.09,sticker  los q saben porque no llora,435200,sticker  the doctor,337400,cuando nací el oxígeno no llegaba a mi cerebro no lloraba no respiraba los médicos dijeron que viviría solo 4 semanas pero aquí sigo 13 años despues,298400,bro is 1 hp,278500,they got baggy diapers for baby fits now,253600,"sticker, los, saben",44.0,🔴 TIÊU CỰC,3.0
https://www.tiktok.com/@fakeltfunny0021/video/7603344058680888607,"Being a girl dad is an \""unprecedented \"" experience🤣💕🫣#usa#love #foryou #fyp #baby",136600000,11900000,15000,1500000,553286,105881.65,14.34,487623.92,he takes plays time seriously,455000,don t touch it papa s phone,128000,could you bite my apple  has to be the cutest,75600,the biting of an apple  i just realised that i used to also do it to my dad,63200,bro,56500,"apple, takes, plays",56.0,🟡 TRUNG LẬP,3.0
https://www.tiktok.com/@huongthuf/video/7619555261593718024,vibe vẫn là uýnh nhau ,6300000,653400,1308,85300,15333,26123.43,16.56,180243.8,bản tình ca gặp bản đôn,90200,giống đi hẹn hò mẹ bắt mang hai đứa em đi theo,54800,tranh center còn hơn jang won young nữa,27500,cặp hương thù phải double date với cặp nấm hương thì hợp,21600,inffo đồ c trang và c dương đâyyy ạaa,6451,"bản, cặp, tình_ca",36.0,🔴 TIÊU CỰC,3.0
https://www.tiktok.com/@lindaparker_592010/video/7594662907804126494,Chihuahua in a scary mask pranks the dog & cat — their reactions are unhinged 🤣🐶🐱#chihuahua #funnycats #funnydog #cat #dogs #usa🇺🇸,85300000,1500000,39200,708200,116728,46076.73,5.58,78658.15,is this ai  the first husky could have died,1356,esas bromas son de mal gusto,1194,chơi trò này hao tivi quá,512,люди это всё ии,382,ทำให้น้อง ช็อคได้ เล่นอะไร,345,"this, first, husky",60.0,🟡 TRUNG LẬP,3.0
https://www.tiktok.com/@ishowspeed/video/7594200896922258702,#ishowspeed ,112100000,11300000,136700,309700,535774,59581.59,12.86,233888.02,ok speed,218500,is this ishowspeed,193500,who s seing this account for the first time today,174800,mind you he doesn t appear on my fyp,103700,le logobi,80700,"this, speed, ishowspeed",52.0,🟡 TRUNG LẬP,3.0
https://www.tiktok.com/@nobrainjames/video/7597930011714260254,bro got so mad 💀 #roblox #prank #funny #trolling #memes ,78300000,7300000,41100,863500,974074,47736.0,17.57,260691.49,sticker  i just get so nervy,1000000,can t get over i love you baby,488000,these have to be staged no way,421100,w why do you have my voice,182300,its not funny anymore,108700,"get, you, have",60.0,🟡 TRUNG LẬP,2.0
https://www.tiktok.com/@funny.vip78/video/7600206170267094302,#BalliBotMogis #TrendingReels #TrendingReels #Foryoupage ##FYP #FYP #ViralTikTok #MillionViews #TechMagic #SmartBot #AITrend #RobotVibes #Innovation ,85800000,3100000,40200,582900,179417,57465.72,7.05,127550.1,which can style is this,7873,stay blessed my people,5765,,3290,pasteur entrain de béni ses enfants,1621,je prie que cette bénédiction   t es localise dans vie de quelqu un,802,"which, can, style",90.0,🟢 TÍCH CỰC,2.0
https://www.tiktok.com/@eqh2cbndf2/video/7588865269888470303,#fyp,94400000,4300000,11400,511800,238663,42398.01,7.51,95013.33,the man that has only one leg is not funny for me,81300,el de las muletas,67600,to the guy with the crutches   why,32100,чел который на кастелях,28900,sticker  el de la ventana jajajaa,21400,"the_man, that, has",60.0,🟡 TRUNG LẬP,2.0
https://www.tiktok.com/@seal_sealion/video/7586877507803090190,#fyp #sealion #seal ,100500000,7900000,52900,1600000,385006,42673.45,15.48,195838.71,es horrible q lindooo,414200,sometimes i hear this from my mum s room  is she hiding a seal there,242100,i m blind  what s happening,239400,sounds familiar,140200,no busquen foca seca yo me traume,131900,"horrible, lindooo, sometimes",40.0,🔴 TIÊU CỰC,2.0
https://www.tiktok.com/@vidamia938/video/7591294925078007095,Yall I did not plan for this istg#viral #fyp ,87800000,6600000,10600,129600,336587,42427.89,9.28,118689.52,am i the chosen one,1100000,the color match is insane tho,953000,quick grab an empty foundation bottle before it dries,574600,sticker  ella viendo que hizo su tono,320000,am i real,234400,"am_i, chosen, one",64.0,🟡 TRUNG LẬP,2.0
https://www.tiktok.com/@heyarielnicole/video/7598332406424259871,I must have skipped school this day because I did not know this lol! Did y’all know people live in the Grand Canyon? 😂😂😂☠️☠️ #grandcanyon #funfact #arizona #grandcanyonnationalpark ,83100000,7600000,20500,275500,373738,51479.11,11.87,190326.49,yall think amazon deliver there  genuinely asking,860500,half of the grand canyon is restricted due to the fact is native land  honey they have their own hospitals grocery stores planes lol everything,750000,native americans are still here  y all,266300,door dashers when the see their order,156900,fun fact  my husbands uncle used to work at the school on the reservation and to get out there was 1 little plane you had to catch and one time he missed it and had to ride a donkey up to get home,154300,"there, fact, native",60.0,🟡 TRUNG LẬP,2.0
https://www.tiktok.com/@new.fun90/video/7618966996864060702,#BalliBotMogis #TrendingReels #TrendingReels #Foryoupage ##FYP #FYP #ViralTikTok #MillionViews #TechMagic #SmartBot #AITrend #RobotVibes #Innovation,75500000,665200,6682,49500,65225,269929.93,1.42,155709.87,why the sacks are not heavy because how can you carry 5 at once,891,i love the end so funny,792,who else was feeling like they would meet,758,i wsa worriedthat hes going to show him the shop after getting money i was worried oo,558,c est sac de riz il a soulevé on dirait amusement là,258,"was, why, sacks",56.0,🟡 TRUNG LẬP,2.0
https://www.tiktok.com/@maunailboxxuhuong/video/7617740708560047378,Quá đủ r #maunailxuhuong #nailbox #nails #lamdep ,7300000,123500,2365,85000,5291,20333.48,6.63,52528.32,t làm nall dài chưa bh bị lật như v   mặc dù tao nấu cơm giặt quần áo bằng tay làm đủ mọi thứ ko lật,12200,vua lì đòn  có móng up tiếp,7399,bả làm sau mà nó lật mấy ngón 1 lượt luôn vậy trèn,2017,cái kết của ngựa ngựa,1072,nó từng rất dài,540,"làm, lật, dài",44.0,🔴 TIÊU CỰC,2.0
https://www.tiktok.com/@funny.that6/video/7595515809846267149,Chihuahua frightened them#satisfying #funnydogs #fyp #foryou #usa ,118500000,2400000,37800,887200,183461,65964.8,5.55,112378.18,disculpen pero no me parece gracioso     pueden causarle infartos a los perritos  en serio ese pasan  solo vi el inicio y me indigne,855,интересно     у собак могут быть инфаркты  разрывы сердца,727,thats not funny    its cruelty    the fright is enough to change a canines behaviour for life,690,ビックリしすぎて可哀想,661,ai but still funny,489,"funny, disculpen, pero",64.0,🟡 TRUNG LẬP,2.0
https://www.tiktok.com/@badbunny/video/7602420881326869773,tik tok,114000000,13100000,69600,434700,496952,84455.25,14.45,389365.79,thank you grammys for helping him remember his tiktok password,709200,quienes están aquí desde 2016,557600,congrats papi,359800,el que tiene billboard  no tiene grammy,186300,we love to see him thrive,142500,"him, tiene, thank",76.0,🟢 TÍCH CỰC,2.0
https://www.tiktok.com/@brookemonk_/video/7603118297403378975,,247300000,7900000,51900,125700,407532,189542.34,3.93,239092.99,sams pregnant,429500,noooooooo   yesssssss,421000,why was sam so happy about the pregnancy,325300,he wants a baby but doesn t want to get married,271100,он не хотел женится но хочет ребёнка,176900,"sams, pregnant, noooooooo",52.0,🟡 TRUNG LẬP,2.0
https://www.tiktok.com/@realjayllnn/video/7598039617497074957,#challenge ,198400000,6400000,37000,1200000,306392,121480.81,6.15,232171.73,rolex ha ha ha ha ha ha,858500,rolex rolex rolex rolex,180300,rolex hahaha,174400,safe  hum   hum   hum,115400,sticker  rolex he he,95100,"rolex, hum, hahaha",72.0,🟢 TÍCH CỰC,2.0
https://www.tiktok.com/@racconn.asmr/video/7606293398017936670,ASMR Healing Massage: The Path to Back Pain Relief✨ #asmrback #asmrmassage #chiropractor #egyptianmassage #asmrsleep ,166400000,2100000,31000,403900,262506,151359.53,2.74,136367.32,sumpah gk cocok di aku  aku gmpng mrngsang,4598,самая лучшая работа в мире,3897,massage plus happy ending two in one,3166,vi todo el vídeo haber si la destapaba y nada,3022,وين الأقي محترم يعمل مساج مثل كذا,2604,"sumpah, cocok, di_aku",84.0,🟢 TÍCH CỰC,2.0
https://www.tiktok.com/@user12577120620771/video/7603650421055376654,Prank Funny#funnyvideos #prank #fyp #haha #viralvideo ,116400000,2900000,20800,1000000,176045,91632.68,6.42,189242.33,omg,23500,yg pertama  ketahuilah saya pernah diposisimu,7925,,5192,casi todo bien  lo único malo fue lo del pollito,3517,the first one reminds me of this scene,3311,"omg, pertama, ketahuilah",65.0,🟡 TRUNG LẬP,2.0
https://www.tiktok.com/@romeosshow/video/7586923248651095310,@Dr Pepper please get back to me with a proposition we can make thousands together. #drpepper #soda #beverage ,145000000,13100000,123600,1100000,1103756,61646.14,14.52,265405.0,finally   they used it,788700,do me  do me,754500,get her on the phone now,742300,i just saw your dr  pepper commercial,501000,you re hired,498600,"finally, they, used",96.0,🟢 TÍCH CỰC,2.0
https://www.tiktok.com/@ly.phung688/video/7592915210688597279,Surprise my long-distance boyfriend 🥰💞#reunion #surprise #couple #usa #fyp ,125400000,9900000,11100,152800,384884,63830.06,9.32,180530.89,yo viendo el primero y el último,784700,sticker  empezó mal y terminó peor,578800,yall the first one was his sister who planned it,555100,guys the first one is his sister she knew all about the plan,547100,yo viendo el primer video,299300,"viendo, first, one",68.0,🟡 TRUNG LẬP,1.0
https://www.tiktok.com/@bismarckclass_/video/7593159807394123063,😁😁😁😁😁,79100000,1500000,19000,559400,116648,40589.42,5.22,64307.19,১৮   কোটি   মানুষের মধ্যে  কারো  কি     সময় আছে   আল্লাহর নামটি লিখার,1255,sticker,1192,,800,,553,ni la gallina se salvo,528,"ক_ো, ট_ি, ম_া",40.0,🔴 TIÊU CỰC,1.0
https://www.tiktok.com/@thesmilyfam/video/7611465171470503198,Speed Skills Relay Race! Girls vs Boys #skills #speed #challenge ,88100000,3900000,4134,45300,147714,115957.71,5.14,206691.35,sticker  girls won,405400,sticker  yesssss my girlies won,181100,my toxic trait is i only like the videos if the women win,130400,me cuz the girls won,71300,me when girls win,35800,"girls, won, sticker",48.0,🔴 TIÊU CỰC,1.0
https://www.tiktok.com/@megaamerican/video/7590712335703067917,new journey,83300000,8100000,24300,444400,384106,39533.84,13.3,158095.09,mega          me,239500,mega boleh ga sihh gue ikut lo,133000,bro s life,94700,mesma vibe,35700,i quit drinking if anyone cares,25900,"mega, boleh, sihh",84.0,🟢 TÍCH CỰC,1.0
https://www.tiktok.com/@nataliireynoldss/video/7594597142296071455,never trusting a man again… #single #breakup #heartbreak #sad #nataliereynolds ,84300000,5000000,55300,159900,288955,45424.5,7.85,109009.54,did she js rip a teddy bear that easily,429900,noooooooo,241900,damn girl how strong are you,238100,every time you see this remind me too drink water,113700,sticker  нифига себе она сильная,102900,"you, did, she",68.0,🟡 TRUNG LẬP,1.0
https://www.tiktok.com/@lanniemovie/video/7589222856865615118,#tiktok #foryou #fyp #movie #film ,81200000,2300000,7764,48200,270083,36852.23,4.09,45025.22,está esta es la versión china de no manches frida,51300,no manches frida versión  tlabaja tiene que tlabajal,6274,yo a este lo conozco,5916,una copia de no manches frida,5548,película se llama   dai si hing  de nada,4161,"manches, frida, versión",36.0,🔴 TIÊU CỰC,1.0
https://www.tiktok.com/@murmurcloud/video/7594691610663783693,"Beginner's crochet tutorial, crochet Basics for crochet lovers, learn How to crochet, How to Knit Learn Crochet Now Häkeln Lernen | Учимся Вязать | Крючком | Aprende Crochet Hoy ✨ --- 🔖 Hashtags shown #learntocrochet #häkellernen #учимсявязать #aprendecrochet #crochet",137900000,1800000,8469,96800,420656,74552.07,2.51,57314.31,my resent project,55600,are you sure this is for beginners,14600,your yarn is so well behaved,8059,for those who don t know  this isn t regular crochet  this is what is called tunisian crochet  depending on the length of your work  you ll need a crochet hook with a tail,4070,i want to learn it  it looks easy  but in reality  it s difficult for me,3045,"this, crochet, you",76.0,🟢 TÍCH CỰC,1.0
https://www.tiktok.com/@builtbyjaydenn/video/7610985527742844174,AM I OKAY? #reply #hospital #foryoupage #benchpress #update ,89600000,2400000,14000,679200,157050,112576.6,6.27,242787.05,sticker  how he s still alive,471500,he s probably one of the only ones to know what cpr feels like alive   danggg,151300,i was like,97000,looked like 3 watchers no spotters,95200,i don t think he is realinsing how lucky he was,71300,"like, how, alive",68.0,🟡 TRUNG LẬP,1.0
https://www.tiktok.com/@andr3w_wave/video/7600089922267008278,That walk said everything 😍🇺🇸 @korraobidi #RedCarpetBoy ,130600000,11700000,87900,255200,415679,87032.8,10.83,296476.71,aquí las mujeres q nos alegramos cuando vemos a otra mujer hermosa    y tiene actitud bonita,334000,be honest  how many times did you rewatch this,289400,i never saw the shake coming    wasn t prepared at all,270600,thank you,257899,sticker,244400,"you, aquí, las",80.0,🟢 TÍCH CỰC,1.0
https://www.tiktok.com/@dog_funny001/video/7587732604221164831,Funny bunny #bunny #rabbit #funnyanimals #funnyvideos #Foryou ,97900000,6400000,28600,1200000,602479,42569.22,13.34,168892.25,só cute,138800,всмысле зайцы едят что то кроме моркови,126800,funny bunny,121300,de verdad da risa el segundo,67100,lo golpeó con el teléfono,23200,"cute, всмысле, зайцы",60.0,🟡 TRUNG LẬP,1.0
https://www.tiktok.com/@ellon.keli/video/7601218938181143839,#Balinotmogis #TreandingReels #Foryoupage ##Fyp #Fyp #ViralTitok #MillionViews #Techmagic #Smartbot #Altrend #Robotvibes #Innovation ,111600000,3000000,27300,900300,238684,78175.24,6.61,163538.82,sticker,4274,he looks like lil wayne,1170,who watch many times like me,704,sticker  kabax ani lii somali ka joogo,634,50 cent versions éric zemmour,555,"sticker, like, looks",72.0,🟢 TÍCH CỰC,1.0
https://www.tiktok.com/@fun9473/video/7618227833017519391,#LIVEIncentiveProgram#LIVEFEST2026#MakeLIVEcount#Paidpartnership,97400000,1200000,6062,47700,31405,297403.32,1.54,180810.89,he miss one,133600,sticker  señor se le fue unaaaaa,57400,1 же прошел,30500,it was marked wrong  it was clearly an adult and he knew that,27300,sticker,14100,"sticker, was, miss_one",48.0,🔴 TIÊU CỰC,1.0
https://www.tiktok.com/@davidspov_/video/7593573294989774093,He makes amazing Homemade Granola! Giving back to the community part 117 #pov #farmersmarket #wholesome #localbusiness #vendor ,79900000,11400000,37700,217000,507989,41570.39,17.36,219564.24,tell your friends about it   little does he know,735500,i love that he s standing in front of the table and not behind it  he really wants to engage with people,600600,he s someone s grandpa btw,553500,this man don t play about granola,404000,tell you re friends about it  yeah  the 1 6 million friends,289500,"friends, about, tell",80.0,🟢 TÍCH CỰC,1.0
https://www.tiktok.com/@xingxing.themonkey/video/7590781997258116374,xingxing #monkey #animal #cute #funny #fyp,147500000,10600000,48700,1800000,503497,70152.08,13.16,277625.76,my shaylaaa,186600,the monkey i dont take leftovers,109800,sticker  y su otra manito,109600,me realizing it doesn t have other hands,87600,coba monyet di indo gragas banget,85300,"shaylaaa, monkey, dont",60.0,🟡 TRUNG LẬP,1.0
https://www.tiktok.com/@aifunstory66/video/7601698333496823070,patapim gets nose lift #italianbrainrot #tungtungtungsahur #tralalerotralala,149000000,3400000,9950,576500,155714,106690.22,4.16,140859.3,sticker  héroe o villano,93300,why,90100,sticker  el solo intentaba ayudar,85500,посоветуйте телефон чтоб тт не тянул,49800,tadinho ele só queria ajudar,44100,"sticker, héroe, villano",36.0,🔴 TIÊU CỰC,1.0
https://www.tiktok.com/@porfirio.fructuoso/video/7604646352303230238,,75000000,3100000,18700,290500,159635,62194.63,6.37,128447.34,estoy segura que es un capricho de la mujer,222600,como soy pobre  me toca esperar a que crezca,201300,he was a pro,143900,and they will be like  we built the house around the tree,133800,rich people problems,100500,"estoy, segura, que",52.0,🟡 TRUNG LẬP,1.0
https://www.tiktok.com/@happy.camp660/video/7597658867635457335,Most emotional puppy surprise for kids#dog #puppy #surpris #wholesome ,75600000,6400000,72300,385800,342559,45602.32,12.06,170647.23,the children s reaction was so intense that even i cried,70400,sticker  cats seeing this video,60700,looks like he s smirking,59600,luego ni los cuidan,44700,sticker  grateful kids make me cry all the time,42300,"sticker, children, reaction",68.0,🟡 TRUNG LẬP,1.0
https://www.tiktok.com/@keepingupwithkelc/video/7590879057940598071,Pink balloon wall prep…part 2 🎀💗 She’s coming together and I’m obsessed #balloonwall #balloonprep #gradientballoonwall #balloonartist #pink,80700000,1800000,3426,55900,272408,38496.56,3.53,40873.41,el resultado,80100,your balloons are so well behaved,14200,the fact i think i can do this lol,8286,con que pegas los globos  porfis,7262,vendo assim parece ser fácil quando vai fazer é uma luta kkkk,6654,"resultado, your, balloons",72.0,🟢 TÍCH CỰC,1.0
https://www.tiktok.com/@graciebon.xl/video/7592693195302030605,"así me revisan en el aeropuerto, TSA que está buscando?",184800000,6100000,33500,550000,245178,93382.34,4.93,139441.48,se parece a mi avatar,220100,lit es ella,195500,roblox in real life,193900,no es envidia  pero eso ya se ve mal,167400,pequeñas diferencias,120900,"parece, a_mi, avatar",76.0,🟢 TÍCH CỰC,1.0
https://www.tiktok.com/@shopwithkkate/video/7587942790298979614,Still fighting for my LIFE ☠️☠️ .. yes I know instructions say give it 48 hours but we thought it was going to spring open 🤣 #bonelesscouch #tiktokcouch #smallcouch  ,215500000,6200000,61500,333900,247119,94261.36,3.9,109318.54,the pillows,1200000,results after 48h,291200,the couch,267900,i know the feeling,241800,sticker  boneless couch after a year,190600,"after, couch, pillows",60.0,🟡 TRUNG LẬP,1.0
https://www.tiktok.com/@simartvideos/video/7616721512208403742,#USA   #UnitedStates   #UK   #London   #Germany   #Deutschland   #Romania   #Africa   #SouthAfrica   #GlobalComedy   #InternationalComedy #fyp   #foryou   #foryoupage   #viral   #trending   #explore   #tiktokcomedy   #comedyvideo   #legend   #nostalgia ,79000000,1800000,7889,213600,72378,185917.35,3.65,257539.81,sticker  cameraman,60300,he threw his own flip flop,10900,sticker  the camera men,5464,meanwhile in the back,2831,esas son bromas que te salen una ves en la vida jjajaja,623,"sticker, cameraman, threw",64.0,🟡 TRUNG LẬP,1.0
https://www.tiktok.com/@muaexperiments/video/7602327877673159958,TRY TO GUESS HOW MANY TISSUES PAPER WILL FLOAT! #experiment #satisfying #asmr #satisfyingvideos #satisfyingasmr #satisfaction #satisfyingsound #satisfy #tissue #tissuepaper#oddlysatisfyingvideo #asmrtiktok #asmrsounds #asmrvideo #shorts #shortsfeed #viralshorts #viralvideos #trending #trendingshorts #unitedstates #uniteskingdom #slander #chair #cup #scayle #car #cake,74000000,1600000,23100,113500,104473,54578.54,3.26,56776.13,yang pertama ga ngotak anj,272600,вы бы ещё титаник на 1 салфетку положили,256300,yes  this would definitely work,246700,sticker  el de las servilletas,115900,taukan kenapa pas diakhir ga berat,95400,"yang, pertama, ngotak",56.0,🟡 TRUNG LẬP,1.0
https://www.tiktok.com/@that.sadie.sue/video/7589455156496862495,"Progress of Jayden’s walking from the 6 weeks he was in the hospital! The OT’s have done a phenomenal job with him. Jayden looked hunched over in a lot of these videos as his long abdomen scar was quite tight. As he stood, walked, and stretched more, the scar has loosened and he can now stand completely straight. It’s still tight and he can’t bend backwards at all, but he’s not hunched over anymore. He no longer has pain when he walks. His left arm is also gaining more and more movement.  A lot of these videos are just the highlights from his exercises. There were times he would yell out in pain, times of exhaustion, and struggle. His journey was not easy, but he got through it. He is so tough!  Again Jayden is ok with these being posted, and these nurses have also given consent to be posted. #hospital #motorcycle #accident #brother #pt ",127500000,15500000,92500,317200,749030,58262.1,15.06,262529.03,logically the next step is a backflip,1200000,i m proud of him  and i don t even know him,871800,now thats doctors work good on u bro,625000,sticker  the doctors,468700,6 weeks   i was thinking it was over a span of months  crazy progress,468500,"doctors, was, logically",72.0,🟢 TÍCH CỰC,1.0
https://www.tiktok.com/@underdogmax2/video/7587018340137241887,#orangecat #cat #cartoon ,101100000,2800000,9583,390300,111527,43094.85,4.66,59599.3,racism,95600,they re making it look like being black is a crime,27000,racism,21900,why is the black university underwater,19200,и это все за один день,18900,"racism, black, they",36.0,🔴 TIÊU CỰC,1.0
https://www.tiktok.com/@nutsyfarm/video/7617015567714766094,"Sheep: Brother Ma, you're amazing!#animals #viral #wildlife #fyp #fypviral #family",79800000,1100000,12900,127400,91576,309590.65,2.39,305242.01,это ии  но все ровно по справедливости,740,really or ai,397,how many of u are watching this on saturday,379,c est comme ça dieu nous sauverons contre tous nos enemies,372,qui est content comme moi,251,"comme, это, все",84.0,🟢 TÍCH CỰC,1.0
https://www.tiktok.com/@rtd3537/video/7594135178629385502,Happy birthday#fyp,93500000,4400000,29900,1400000,245433,49583.65,11.55,174668.76,normalicemos no hacer esa estupidez  gracias,276100,están perfectas las reacciones de los niños,119900,thats not even funny anymore,96200,sticker  nunca entenderé esa moda de dañar el momento a la persona que cumple años,93400,los niños se sienten humillados,91000,"esa, los, niños",68.0,🟡 TRUNG LẬP,1.0
https://www.tiktok.com/@dogzone22/video/7608248684534402335,Funny Dogs and Kids #dogtiktok #viraltiktok #funnydog #funnykid#funnyvideo ,119200000,2300000,19500,851100,179958,122519.43,5.27,215813.57,,18500,cómo le van a permitir que le toquen las partes íntimas de los perros,11400,never  ever let your child hit animals,7062,,5371,esto no debería ser permitido   no es nada chistoso  es como un maltrato psicológico y falta de cuido para los niños,2100,"los, cómo, van",73.33,🟢 TÍCH CỰC,1.0
https://www.tiktok.com/@jk.lifestyle23/video/7594844376648502558,#tiktok #viral #fyp ,92200000,1900000,25500,28300,117350,50113.36,2.62,40197.39,in california my neighbor fixed a pot hole on our street after it s been there for a few months  the city fined him for it,23300,porsche cayenne work truck  that s a flex,12400,in my country  the local govt would fine you for doing their job  but thank you,4602,у нас за такой ремонт штраф,3128,in italia multa da 1000 euro se ripari la strada,2876,"you, california, neighbor",60.0,🟡 TRUNG LẬP,1.0
https://www.tiktok.com/@pinkcat456/video/7611498731170499870,#cutecat #cartoons #catstory #aicat #usa ,90900000,2400000,15000,239600,162594,119181.72,4.26,175975.02,bisa bisanya itu anak nurut,40900,bueno bien rápido se olvidó de su mamá,35600,that switch she totally forgot about her mom,15900,a gatinha se acostumando rápido com a boa vida,15400,bisa dewasa dikit gak klean,14300,"bisa, rápido, bisanya",60.0,🟡 TRUNG LẬP,1.0
https://www.tiktok.com/@theartvibes3/video/7608226605911100703,,110600000,2400000,33600,124000,163092,113513.25,3.12,118384.44,repitan conmigo nunca más volveré a regatear a ningún artesano por su trabajo,51900,i m speechless  i can t begin to count the unsafe actions,35800,his name is freddy  freddy mercury,18700,no sé pero al ver este video me dió mucha pena tristeza será x la inocencia del señor el enseñándonos su forma de trabajar de ganarse el pan diario y nosotros criticandolo dios lo cuide y le provea mucho más,13800,que no se supone que el polvo que desprenden esas lámparas provoca cáncer,13500,"que, más, freddy",44.0,🔴 TIÊU CỰC,1.0
https://www.tiktok.com/@brookemonk_/video/7598664697948179743,The secret is out! Shop now @Doting Beauty ,81800000,7900000,36600,83100,371353,51357.53,11.52,184533.81,this makes sooo much sense  since she s been a lash girly for ages,525400,so proud of you,319000,so sam isn t pregnant,261800,let s see natalie reynolds copy this,159500,watch natalie reynolds copy this,146000,"this, natalie, reynolds",92.0,🟢 TÍCH CỰC,0.0
https://www.tiktok.com/@lita15206/video/7587058649495817527,Wow!#kpop #kpopdemonhunters #funny #shorts #story ,69800000,766100,4343,37000,49408,29786.02,1.53,13555.1,tebak yg liat umur piro,448,sticker,368,little kids be watching this these days,323,part 2,166,please part2,49,"tebak, liat, umur",68.0,🟡 TRUNG LẬP,0.0
https://www.tiktok.com/@ruienwfahgj/video/7601034037871889694,#hairtopper #hairloss #thinninghair #hairconfidence #hairtok ,75000000,2300000,33200,982300,221770,52100.68,9.28,152965.27,i believe you damn,370800,ok damn i get it,227500,era necesario la jalada de pelo,139500,намекнул на способ оплаты,118000,is the whiplash included or is that an extra charge,57800,"damn, believe, you",68.0,🟡 TRUNG LẬP,0.0
https://www.tiktok.com/@pinkcat456/video/7595904241739369759,#story #usa #aicat ,71300000,1500000,6231,89800,75926,40253.63,2.94,36461.8,,24800,what is that,18200,ih keliatan fefek nya,11500,,5755,que nadie sepa que miro esto,4682,"que, what, that",46.67,🔴 TIÊU CỰC,0.0
https://www.tiktok.com/@maria.rdgzs/video/7595011361713769742,My sweet Lucy was born at 24 weeks. Today she is 31 weeks gestational.💖  I’m beyond grateful to God and the incredible NICU team who take such amazing care of Lucy every single day. I’m so amazed of how far she’s come. It sure doesn’t feel like it’s been 47 days. (1 month & 17 days old) I love sharing her everyday progress. 😍🥳 Thank you to everyone who has been keeping up with her journey and for all the kind words and support!  #preemie #preemielucia #nicubaby  #mom #baby,105100000,9500000,45500,438900,318200,57462.06,11.7,206014.3,go baby go,751900,sticker  gooo lucyyyyy,518000,sticker  goooo lucy you can do it,392200,sticker  doctor,240300,go lucy  go lucy   go lucy,236700,"lucy, sticker, baby",96.0,🟢 TÍCH CỰC,0.0
https://www.tiktok.com/@meta8238/video/7596287344869739807,#usa🇺🇸 #love #fyp #foruyou #tiktok ,96300000,1000000,17100,115600,73225,55139.02,1.78,30286.72,who else is wondering why the person who is recording cannot help,3912,who else is watching today on sunday,1297,who watching on monday  like now on 19 january 2026,1139,who is watching monday morning    like now now,975,même les animaux sont plus affectionnés et connaissent l amour que mon ex,887,"who, watching, now",68.0,🟡 TRUNG LẬP,0.0
https://www.tiktok.com/@luck20027/video/7589993300514360607,#BalliBotMogis #TrendingReels #FYP #ViralTikTok #MillionViews #TrendingReels #Foryoupage #FYP #RobotVibes #innovation #TechMagic #SmartBot #AlTrend ,95600000,1100000,6071,96100,75022,44391.15,1.8,23969.25,прикиньте стукнуться об потолок,49200,no amiga no estás manchanda,20400,what if you hit the ceiling,15700,takut bablas ngelewatin kolam,14700,а если перелететь,6202,"прикиньте, стукнуться, потолок",28.0,🔴 TIÊU CỰC,0.0
https://www.tiktok.com/@rodrigonavarromagic/video/7591371694716030222,bro just had déjà vu 💀 #fail #crazy #magic #airplane #reel ,146600000,5300000,13600,272200,200595,71012.39,4.79,102486.82,did she just copy paste those chocolates,245300,she knows  she knows,221800,she knows she know,161200,nah she knows,157500,а говорят плохо про русских туристов  лол,119100,"she, knows, did",48.0,🔴 TIÊU CỰC,0.0
https://www.tiktok.com/@flashblip7/video/7603337395857149198,Gender reveal gone wrong #genderreveal #babylove #fail #fyp #tiktok ,153200000,4000000,5299,211200,147552,118709.23,3.46,131827.45,first clip almost became last gender reveal,194600,,113600,la de lele ponds casi fue revelación y despedida,70900,у первого мог быть первый и последний гендр пати,47400,,24300,"first, clip, almost",26.67,🔴 TIÊU CỰC,0.0
https://www.tiktok.com/@realjayllnn/video/7586823045105372430,,81500000,2500000,11200,148500,85470,34554.19,4.14,42376.62,sticker,428000,kuku segitu panjangnya kalo ngupil gimana,131800,peero amigaaa  que agilidad con esas uñaaas   yo ya me hubiera pinchado,56000,so much wasted meat,42500,sticker  like to stop it,29500,"sticker, kuku, segitu",40.0,🔴 TIÊU CỰC,0.0
https://www.tiktok.com/@jessi.lee/video/7611713546015083789,water dress   (products: @YSL Beauty palette + blush @Huda Beauty  concealer + palette + powder @Lilly Lashes in money maker @NARS Cosmetics foundation @Rare Beauty contour stick @Patrick Ta Beauty concealers @Saie liquid blush @ONE SIZE BEAUTY setting spray @pradabeauty eyeliner @tomfordbeauty gloss @M·A·C Cosmetics dazzle shadow),81200000,2700000,3473,33300,82435,108437.6,3.8,143156.38,sticker  every five seconds,183800,pero avisa beba,118900,ssshhhhhh ahhhhh sssss hahhhhh ahhhh,113000,sticker  извените а куда вы собрались в таком виде,77300,мокрое платье надевать  что то новенькое,61000,"sticker, every, five",68.0,🟡 TRUNG LẬP,0.0
https://www.tiktok.com/@nataliireynoldss/video/7602433470136077623,did we win this trend? #nataliereynolds #silenthill #cosplay #pyramidhead #silenthillcosplay,157000000,11400000,30900,408700,482728,116381.38,9.26,344111.93,but why,604900,yall can t disagree  they did good with the silent hill cosplay,308400,you both won,144200,почему у него половина бороды есть  а половины нету,130800,sticker  no te avergüenzes sin dejar tú amén,96200,"but, why, yall",56.0,🟡 TRUNG LẬP,0.0
https://www.tiktok.com/@quiz__pro3/video/7603221830723210509,Tor-M1 Intercepts Approaching A-10 Warthog missile launch system#creatorsearchinsights #missile #launch #newyork #unitedstates ,73500000,2400000,19800,214700,165755,56624.75,5.16,93826.13,game name,37700,the pilot,28600,как игра называется,17500,sticker  así juegan en rusia,9567,бедный человек в самолёте,8235,"game, name, pilot",76.0,🟢 TÍCH CỰC,0.0
https://www.tiktok.com/@joshplaysdrums/video/7595263130767281421,"Crazy Tom & Jerry Sounds, on drums! This clip is from a Tom & Jerry episode called “Cat Napping” originally released in 1951. #tomandjerry #animation #musician #rhythm #percussion ",88900000,2500000,13700,222700,110603,49041.38,4.22,63442.26,this is harder than it looks,112000,this man is a genius,28300,капеееец     как это сложно,12400,terpecahkan rahasia nya di usia ku 33 tahun,12200,donc c est toi qui nous fessait autant rêver,11000,"this, harder, than",48.0,🔴 TIÊU CỰC,0.0
https://www.tiktok.com/@mipatron01152/video/7611769988260597023,#aviones ,144500000,2700000,27800,135500,183994,193915.55,2.66,179498.51,now the action movies we use to watch has come into reality,10700,kok bisa tepat sasaran ya di indo bansos aja bisa meleset,6685,semoga saudra2 kt d d iran d lindungi allah swt,5409,cette fois ci aucun prof d histoire geo va nous mentir   on sera tous témoin,4292,but are they driven by people or they are controlled by a remote,3254,"bisa, are, they",52.0,🟡 TRUNG LẬP,0.0
https://www.tiktok.com/@floridafoxanthillart/video/7587832123466206478,Liquid Nitrogen 🌧️ vs 🧅  🥦 🍐 #Satisfying #Experiment #ASMR #LiquidNitrogen #NitrogenVs ,177000000,5700000,43600,413500,346305,77179.59,4.79,109973.15,it looks so crunchy,255300,the onion was like glass,240000,liquid nitrogen vs lava,208100,parece que la cebolla estuviera congelada,190100,a ver  mete la mano,172200,"looks, crunchy, onion",36.0,🔴 TIÊU CỰC,0.0
https://www.tiktok.com/@ms.queen9180/video/7589699433500134687,#,177400000,5600000,21600,211600,259420,81653.91,4.1,100188.36,brooo the way the pink just stuck on the way down stawpppp,75400,,33600,i realized i ve never seen brown glitter fr,30400,the ending was perfection,28900,whyyy do i want this so bad,15600,"way, brooo, pink",45.0,🔴 TIÊU CỰC,0.0
https://www.tiktok.com/@ai.drama.25/video/7608657299518819615,#italianbrainrot #aistory #tungtungtungsahur #udindindindun #aidrama25,78300000,1800000,5863,83300,123867,82727.68,3.21,89202.29,ai or real,11100,this is not for kids,5871,that means everything that belongs to you will surely come back to you in jesus name say amen,925,ok bye,873,taylor swift,847,"that, you, real",40.0,🔴 TIÊU CỰC,0.0
https://www.tiktok.com/@movies00comedy/video/7595083496788462878,##BalliBotMogis #TrendingReels #TrendingReels #Foryoupage ##FYP #FYP #ViralTikTok #MillionViews #TechMagic #SmartBot #AITrend #RobotVibes #Innovation ,229100000,3400000,59300,868800,158441,125577.42,3.26,125451.0,yo en todo el video,235900,por mi salud mental voy a decir que es ia,156000,even in my dreams i will not do this,97900,cómo soy de salada caigo afuera,95700,this is absolutely ai,92900,"this, todo, video",44.0,🔴 TIÊU CỰC,0.0
https://www.tiktok.com/@awais.games4/video/7610205006804897038,Amazing Balloon Challenge 😂🥰  #gaming #gametok #mobilegaming #satisfying #challenge,95600000,2800000,87200,295600,193758,112951.44,4.96,190885.5,sticker  girls power,54000,any woman supporting the girl let s gather here,49700,sticker  girl power she won against him,28100,sticker  ibrahim the whole time,22700,ibrahim tu vois ta vie,18500,"sticker, power, girl",100.0,🟢 TÍCH CỰC,0.0
https://www.tiktok.com/@haleyybaylee/video/7602396806672108813,IM SCARED YALL @E! News ,103000000,8600000,6192,34200,233729,76218.2,9.18,223138.26,uhmm ate,1000000,where s this guy,225800,notice how cole isn t there anymore,213400,haley baylee glambot,210300,literally every celebrity as soon as they see haylee absolutely slaying every glambot,110400,"glambot, every, uhmm",52.0,🟡 TRUNG LẬP,0.0
https://www.tiktok.com/@floatinrain/video/7607487159028747550,Her❤️#inlove #valentinesday ,100200000,7500000,24100,268900,568808,98027.73,10.31,335339.09,my patience is killing me,345900,that man got patience,176700,i have anger issues bro,86800,she actually annoyed me,76100,sticker  yo todo el video,73800,"patience, killing, that_man",56.0,🟡 TRUNG LẬP,0.0
https://www.tiktok.com/@runavip08/video/7620046934232861982,#creatorsearchinsights  #BalliBotMogis #TrendingReels #TrendingReels #Foryoupage # ,97300000,651500,9595,82700,48452,463677.41,1.18,233345.8,smart baby,1078,keputusan yg cerdas,598,si es verdad    un premio para ese ángel,554,il est très intelligent,368,ese niño nes otro nivel,326,"ese, smart, baby",76.0,🟢 TÍCH CỰC,0.0
https://www.tiktok.com/@khutranghung/video/7590350542451248397,They are finally reunited ❤️🥰 soldier surprised his family 💕 #soldier #reunion #surprise #family #reunited,95300000,2900000,28600,50400,179935,44732.1,3.88,52125.95,touching,5611,yo llorando por gente que ni conozco jaja,3123,qui a pleuré comme moi,1270,i don t why i share tears anytime i watch dis kind of video,1252,я вся разрыдалась пока досмотрела,1042,"touching, llorando, por",52.0,🟡 TRUNG LẬP,0.0
https://www.tiktok.com/@juiceb38/video/7604330601407286558,Hirschsprung Disease Explained | 3D Medical Animation #HirschsprungDisease #MedicalAnimation #PediatricSurgery #3DAnimation #HealthEducation #Anatomy3D #SafeMedicalContent ,79700000,428200,6505,195500,52146,64991.53,1.73,36383.89,sticker,1105,что вы вбили в поиск,925,только начала есть суп,762,sticker  los viernes por la noche se pone raro no,697,вам смешно а у меня это в реках,485,"sticker, что, вбили",80.0,🟢 TÍCH CỰC,0.0
https://www.tiktok.com/@binxthejinx5/video/7595437621875199263,Their reaction was just too cute 🤣#viral #sofunny #funnyscare #laughing #funnymoments #funny #tiktok ,78300000,2200000,9892,210200,145675,43464.6,4.47,59592.29,la señora   tengo que ver para asustarme también,21500,la cara jajajajaajjaaj,6072,девушка которая поймала телефон,4285,esto si que da miedo,2128,sticker  la señora al ver que le cerraron la puerta,1678,"ver, señora, tengo",60.0,🟡 TRUNG LẬP,0.0
https://www.tiktok.com/@black.cars19/video/7591045443509816606,#Bmw car edit #viral #foryoupage #fyp #100kviews ,79200000,1000000,16800,23700,66268,37975.95,1.68,19160.81,sticker,3368,search up  stranger things,2404,уже 2026 год а люди не видят монтаж,1527,jesus está voltando,562,stranger things,67,"stranger, things, sticker",64.0,🟡 TRUNG LẬP,0.0
https://www.tiktok.com/@zvsmdmf/video/7612231443359567135,What happened?#barbie #funny #shorts #cartoon #story ,72100000,1000000,15900,86000,94257,100796.79,2.3,81058.92,ai reading its script,4195,,2835,what are we supposed to learn from this video,1780,y all are genuine bots,1391,sticker  part 2,950,"are, reading, its",85.0,🟢 TÍCH CỰC,0.0
https://www.tiktok.com/@wheatculture/video/7594530157705170231,Sourdough starter is hangry today #sourdoughstarter #sourdoughtok #sourdough #sourdoughasmr #sourdoughtiktok ,81000000,3300000,23000,210700,152415,43544.87,5.74,76337.6,someone needs to make a horror movie about sourdough starter,438300,my trypophobia could never,174200,sticker  hello person who doesn t comment,119600,so  i didn t like that,93400,wait until you hear about the sourdough spiders,82300,"about, sourdough, someone",28.0,🔴 TIÊU CỰC,0.0
https://www.tiktok.com/@smartestworkers/video/7593030733321538830,How Bike Engines Are Assembled,69100000,1600000,12800,78400,132252,35306.71,3.38,36236.16,the factory cleaner than their food,3635,buset itu ngerakit mesin apa lego cepet amat,3371,они двигатели собирают в среде чище чем готовят еду,2876,qingqi pernah dijual di indonesia tapi gak laku,1051,not a drop of loctite or assembly lube anywhere,1047,"factory, cleaner, than",52.0,🟡 TRUNG LẬP,0.0
https://www.tiktok.com/@reuters/video/7589372207017626894,"British former world heavyweight boxing champion Anthony Joshua sustained minor injuries in a car accident in Nigeria's Ogun State that killed two people, local police said. Nigeria's Federal Road Safety Corps said preliminary findings suggest the vehicle carrying Joshua was likely speeding when it lost control during an overtaking maneuver and crashed into a stationary truck parked by the road. Officials did not say who was driving the car carrying Joshua, and investigations are ongoing. #anthonyjoshua #boxer #nigeria #crash #carcrash",180500000,4200000,28900,93500,226506,82279.33,2.94,72419.99,nigeria is behind  like 50 years,57400,no emergency rescue team  no ambulance  just people shouting  mishandling him and taking pictures    africa we need to do better,55600,so nigeria no get ambulance to carry an accident victim  he might have some spine injury  what a shame,53200,i have learned that in nigeria we don t have a well organized emergency team,34100,oh god he s in shock,32600,"nigeria, have, emergency",40.0,🔴 TIÊU CỰC,0.0
https://www.tiktok.com/@eliblair._/video/7598224107842325790,#fypシ #viral #funny #school #trending we’re gonna be in a new location tmr 😔,88900000,7300000,33300,352600,446342,54834.32,11.38,194229.33,popular boy humor,535900,we will never forget,265700,none of these will ever be as funny as the lego head,244200,try not to laugh  try to laugh,201500,was it pajama day,201400,"will, try, laugh",56.0,🟡 TRUNG LẬP,0.0
https://www.tiktok.com/@quiz__pro3/video/7609751746113539342,#creatorsearchinsights ,96600000,1400000,12800,59700,117606,110312.38,2.09,78158.81,iran is the most powerful country in the world,3095,iran s power is,852,semoga iran selalu di lindungi allah swt  amiiin,821,may allah protect all muslims,560,sticker,538,"iran, allah, most",80.0,🟢 TÍCH CỰC,0.0
https://www.tiktok.com/@theodoretroyce3/video/7596990959116766494,Kondisi terkini musholas PONPES Al Khoziny Sidoarjo ambruksaat salat ashar#jtvjember #evakuasi #sidoarjo #fyp,139700000,398600,13900,38200,43675,82128.51,0.51,12913.81,я один не понял что это такое,31400,what am i looking at,8664,apaan sih kok aku ulang ttp aja gk paham,8478,сначало не понел потом нехуя не понел,7796,alguien que vino a ver a los comentarios,3151,"понел, один, понял",36.0,🔴 TIÊU CỰC,0.0
https://www.tiktok.com/@daalainn/video/7603993374785309966,What’s yall highscore on Blockblast? #blockblast #fyp #foryoupage #daalain #meme ,174600000,2700000,6938,111200,100786,139890.43,1.98,89459.59,sticker  son i think that trend is over,82200,that trend and block blast its over,16900,sticker  sponsor video btw,14000,like my city pls                  __ _  _ _   __  __,3874,sticker  like to stop,3686,"sticker, that, over",64.0,🟡 TRUNG LẬP,0.0
https://www.tiktok.com/@comedy.videos815/video/7612330291809488158,UK #London #BritishCelebrities #RoyalFamily #Prince Harry #Meghan Markle #British Culture #Adele #EdSheeran #England #France #Paris #FrenchCelebrities #Eiffel Tower #FrenchStyle #FrenchMusic #Mbappe #Zidane #FrenchVibes #Russia #Moscow #Putin #Russian Culture #RussianMusic #slavicBeauty #RussiaToday #Eastern Europe #RussianStars #USA #Hollywood #AmericanCelebrities #Taylor Swift #Selena Gomez #Justin Bieber #Beyonce #Billie Eilish #elonmuskmeme,83100000,1500000,17500,342100,105664,117218.91,3.88,159016.72,sticker  the cat,9227,the cat was like can t you mind your business,8580,ai,4850,dont tell me this is real,1884,рыба как то странно лежит,1510,"cat, sticker, was",48.0,🔴 TIÊU CỰC,0.0
https://www.tiktok.com/@orange.cat.diary100/video/7611357025515113758,"The tiger got into trouble outside again,this time we have to call in the chonky orange cat for help!#funnyvideo #aicat #animation #orangecat #cartoon ",107900000,1600000,14400,56900,130046,139788.52,2.08,100599.16,,6132,guess the age of the viewer,2652,viewers age my age 26  and you,1438,,661,အသက်ငယ် လာလို့ထင်တယ် ဒါတွေပဲ သဘောကျတော့တယ်,198,"age, guess, of_the",73.33,🟢 TÍCH CỰC,0.0
https://www.tiktok.com/@pinkcat456/video/7612254527726636318,#cutecat #cartoons #catstory #aicat ,114900000,2100000,13700,183200,150112,160966.39,2.88,162182.56,the ai reading the script,25100,sticker  la rosa de gatolupe,18000,credoooo  esses gatos estão muito agressivos,9889,my sheyla,7387,pasti ibu itu besti nya jule,6429,"reading, script, sticker",96.0,🟢 TÍCH CỰC,0.0
https://www.tiktok.com/@happymoments003/video/7588348370377280799,Toddler and newborn#kids#funny#funnybaby#toddler#newborn,109700000,2900000,22000,352900,170693,48540.54,4.44,64179.37,sticker,12900,,5885,the second one not funny at all,4728,laissez pas les bb avec les enfants c est dangereux,1929,certains scènes sont inadmissibles,1306,"les, sticker, second",40.0,🔴 TIÊU CỰC,0.0
https://www.tiktok.com/@fish.baby0/video/7589725956999417110,#for #foryou #foryoupage #viral #fish ,125300000,3600000,21200,685700,132029,57718.66,5.41,93564.03,what a catch,392100,perwakilin aja kan bg,259000,we shall eat todayy,253200,buang buang time,169700,there are plenty of fish in the sea,155700,"buang, what, catch",88.0,🟢 TÍCH CỰC,0.0
https://www.tiktok.com/@vitakari/video/7592882956071456013,there has to be an easier way ,91600000,2600000,13400,352100,105503,46576.04,4.75,67134.88,what kind of printer do you have,369100,the craziest thing about being creative,179800,hey so i didn t like that,133400,sticker  me lo volví a creer,64400,вы мне мозги в 3 часа ночи не это да,47800,"what, kind, of_printer",72.0,🟢 TÍCH CỰC,0.0
https://www.tiktok.com/@ai.movie66/video/7592049229888064823,Tung tung sahur gets a nice new face #italianbrainrot #tungtungtungsahur #ballerinacappuccina #tralalerotralala ,115200000,4100000,14800,679100,213714,57012.5,6.5,112025.59,creo q somos hermanas,174200,ummm wth is doing,65200,she looks like kim kardashian,44400,vengo de aquí,32000,lo peor es que miro el video completo,29500,"creo, somos, hermanas",76.0,🟢 TÍCH CỰC,0.0
https://www.tiktok.com/@ibskits10/video/7592050965834927415,Tung tung tung sahur and friend hang out with ballerina Cappuccina #italianbrainrot #tungtungtungsahur #tralalerotralala #ballerinacappuccina ,87500000,1800000,12300,224600,104013,43306.15,3.47,45414.28,sticker  noo mi fobia,105800,i have tryphobia,36200,a quien  mas le dio escalofríos,30100,mds q agonia,17800,i have trypophobia,12200,"have, sticker, noo",40.0,🔴 TIÊU CỰC,0.0
https://www.tiktok.com/@neo.meow0/video/7605562768674000142,#aicat #catstory #cartoons #viraltiktok #foryou ,83300000,1200000,15500,464400,105025,72648.08,4.09,96906.52,ko tốt cho trẻ em chút nào,19100,this is no more for the kids,9093,ai reading the script,9010,ии должен научиться говорит нет,8189,mở bài hoang dã  thân bài hoang mang  cuối bài hoang dại  nội dung khủng bố  nhân vật khủng hoảng  người xem khủng long,4829,"bài, tốt, trẻ_em",44.0,🔴 TIÊU CỰC,0.0
https://www.tiktok.com/@quiz__pro3/video/7604538183048596750,SA-8 Gekho Osa AKM Tracks Down F-14 Tomcat missile launch system #creatorsearchinsights #launch #missile #unitedstates #newyork ,84700000,2000000,12400,156300,112185,69833.61,3.53,79755.53,somalia,18100,the pilot,8225,kok bisa tepat sasaran ya di indo bansos aja bisa meleset,7825,agar hath slamat haen to allah likho,6477,name game,3458,"bisa, somalia, pilot",56.0,🟡 TRUNG LẬP,0.0
https://www.tiktok.com/@clnnmgfp88/video/7595512247577791774,When a Celebrity Surprises a Fan in Real Life… This Reaction Is Pure Magic 😭✨ #CelebritySurprise #FanReaction #DreamComeTrue #WholesomeMoment #starpower ,83300000,6600000,23300,44300,368061,46364.25,9.52,135487.81,sticker  my dream,66700,,61200,when kanye walked behind the kid,37200,wao  así mismo me pondré cuando vea a mi celebridad favorita jesus cristo,32299,la de juanes rompe todo jajajaja,9616,"sticker, dream, when",60.0,🟡 TRUNG LẬP,0.0
https://www.tiktok.com/@biubiusunny/video/7609724607783849247,They were caught in a great flood..✨,61800000,1400000,12500,48600,99668,70431.12,3.1,74159.59,where did you get the materials,628,this is a great lesson after any storm there is glory,536,même s il n a pas l argent mais il est très intelligent,415,woh hebat sekali itu bapak semoga sehat2 terus,185,ou te gen tout talan sa epi premier kay la te konsa,143,"where, did, you",72.0,🟢 TÍCH CỰC,0.0
https://www.tiktok.com/@pinkcat456/video/7604841521837378847,#cutecat #cartoons #catstory #vira #aicat ,79200000,1100000,8396,89700,83381,66372.9,2.18,46950.3,sticker,39100,99  cwe g bklan skip,11700,я че угашенная,11200,díganme que no soy la única que siente el dolor también,8383,real or ai,7513,"que, sticker, cwe",60.0,🟡 TRUNG LẬP,0.0
https://www.tiktok.com/@usafunny36/video/7595953884942617887,#BalliBotMogis #TrendingReels #TrendingReels #Foryoupage ##FYP #FYP #ViralTikTok #MillionViews #TechMagic #SmartBot #AITrend #RobotVibes #Innovation ,119000000,1700000,40900,111800,144705,67304.89,2.24,46346.07,facebook people,6560,it doesn t make any sense,3206,it not even funny,3173,who s watching this sunday evening,1726,es muy mal actuado,1401,"facebook, people, doesn",56.0,🟡 TRUNG LẬP,0.0
https://www.tiktok.com/@leekirra/video/7606202066670800141,I think this is the happiest\u002Fmost scared I’ve ever been 😭 I can’t get over it LOL #dumplings ,124200000,11100000,16200,263100,382980,112369.97,10.74,395870.94,the girl,845700,all the green dumplings looking at the glitter one,762500,after that scream he knew it wasn t his,745200,the green one laying on the ground,628400,the mountain of green dumplings,507600,"green, dumplings, one",56.0,🟡 TRUNG LẬP,0.0
https://www.tiktok.com/@raju.vlogs0/video/7600012637425962270,,91900000,1900000,17100,53600,128935,61039.81,2.76,52946.72,ngasah pisau pake tangan,90300,sebenernya india itu bagus  kerajinan bunga nya tapi ya itu soal makanan yg gk bagus,67000,knpa orang di sna kebalik megunakan pisao ya  ngeri aq liatnya,25900,beehhh awas tangan mu mbah,19600,buat 1 aja rasanya udah pengen rebahan,19500,"tangan, itu, bagus",32.0,🔴 TIÊU CỰC,0.0
https://www.tiktok.com/@new..art4/video/7613411270804491550,,128600000,2500000,18300,72100,134437,201246.09,2.51,179641.56,yang kerja paling lama si jenggot bnl,46300,world   2026  india 1659,41200,panas bgt njir kyknya di sana,28600,sticker,28100,stamina nya ga ngontak jir,9869,"yang, kerja, paling",56.0,🟡 TRUNG LẬP,0.0
https://www.tiktok.com/@haithinhtran3/video/7592902124342725901,Female celebrities protect each other #estheryu #cynthiaerivo #ariana #usaus #fyp,129900000,2600000,4027,25100,116300,66092.44,2.35,47200.41,porque se saco el saco  osjsksjsksksksksksks,95400,в чем прикол был в первом снять куртку,86600,my question wtf would you take of your jacket first,75700,sticker  todo bien asta que salio adria a grande,43200,eu em todos os vídeos   no vídeo da ariana grande,17400,"saco, grande, porque",68.0,🟡 TRUNG LẬP,0.0
https://www.tiktok.com/@onyinye.tv1/video/7602848715962961165,Unbelievable. #millionvi hi,78900000,1200000,12100,38300,91819,59675.28,2.09,40009.63,in nigeria every thing is possible,1419,where can you find such kind of woman with that kind of a heart now day,810,быстро помочь и убежать    стоять и думать что же делать,577,my helper part 2,323,sticker  how can you get in that situation,292,"can, you, kind",84.0,🟢 TÍCH CỰC,0.0
https://www.tiktok.com/@mother.world.baby/video/7606530733833850142,baby not responding from 20 days #newborn #medical #latecry #babycare #usa🇺🇸 ,121500000,2300000,111200,130700,155281,112082.57,2.89,106577.01,así estaba nuestro segundo hijo  no reacciono y lo dieron por muerto  una hora después jesucristo lo resucitó le dio soplo de vida  aleluya  y ahora ya tiene 30 años de vida gracias a nuestro señor jesucristo,30400,la sangre de cristo tiene poder cuanto creen,10300,no mother will lost baby in jesus name amen,9998,кто то в комментариях говорит спасибо аллаху  кто то богу  и никто не думает поблагодарить врача за его действия,7633,i lost my twins last week after delivery    haven t recovered from it,7217,"nuestro, jesucristo, vida",52.0,🟡 TRUNG LẬP,0.0
https://www.tiktok.com/@lovepets_001/video/7588515887099956510,The cat who loves to Explore.🤣🤣🤣#cat #cats #catlover #catsoftiktok #funny #foryou #funnyvideos #viral #fypシ #funnytiktok #fypシ゚viral #usa🇺🇸 ,108600000,1400000,15600,292300,118113,48285.53,2.72,39169.77,the second cat,5442,а котику больно с 1 видео,1568,i gotta admit i m impressed about the cat that jumped out  then back into  a moving car,1074,sticker,781,me parece que el ventilador le arrancó un diente al gato,602,"cat, second, котику",64.0,🟡 TRUNG LẬP,0.0
https://www.tiktok.com/@usa.clips63/video/7618605701295787295,##BalliBotMogis #TrendingReels #TrendingReels #Foryoupage ##FYP #FYP #ViralTikTok #MillionViews #TechMagic #SmartBot #AITrend #RobotVibes #Innovation,116000000,677800,5409,97300,44959,382754.42,1.05,160336.53,в целом уже похуй че смотреть,36100,how do people find this funny,30700,pichekk,12300,sticker  like when it is red,2899,you really can never predict your next scroll,1119,"целом, уже, похуй",68.0,🟡 TRUNG LẬP,0.0
https://www.tiktok.com/@realjayllnn/video/7590923746794376461,,136000000,3200000,15400,476900,129738,64966.07,4.06,79463.05,ternyata gigi mereka putih bersih itu pulsa,130800,my veneer came off   you literally can t make this up,74000,sticker  yo viendo que no le sale sangre cuando se le cayo,64099,дагестан начал работать дистанционно,42100,gakuatttt,24600,"ternyata, gigi, mereka",48.0,🔴 TIÊU CỰC,0.0
https://www.tiktok.com/@szgqjb3978/video/7602994490474908959,"kampung halamann, Blm Dapat Kabar keluarga disibolga 😭😭😭 #banjirbandang #sibolgatapteng #pyfツviral_❤ #berdukacita😭😭",121300000,2200000,5930,223900,136292,92403.13,2.9,85813.79,the first one,122300,sticker  bro dime que el primero fue editado,9634,the first one nicole skirts on instagram,9046,am still thinking about no 1  where the hand went and what its doing inside,4079,sticker  the first one,3944,"first, one, sticker",68.0,🟡 TRUNG LẬP,0.0
https://www.tiktok.com/@squatch.and.sons_customs/video/7587887834028100895,Fighting the post-Christmas depression. #bushcraft #asmr #woodcarving #christmas,128600000,4300000,24800,84600,197164,56508.6,4.11,69064.0,me the whole time   wtf is he making  end of the video   wtf did he make,257399,bros kitchen,226300,ah yes the infamous whatchamacallit,160500,para que sirve,115400,какое красивое чтоэтоблять,86500,"wtf, whole, time",60.0,🟡 TRUNG LẬP,0.0
https://www.tiktok.com/@mj.dance.soul.rebo/video/7595020169634778381,#michaeljackson ,72600000,1600000,12100,65300,94048,39705.42,2.99,36313.69,why is a piece of wood on the ground,14400,nobody is better then the original,8923,merci aux chaussures fixés sur la planche,3708,même avec les chaussures fixer au sol il faut un sacré gainage  je met quiconque au défis de faire pareil        avant de critiquer,1361,he s not imitating michael jackson s dance he s showing how flexible his bones are   how far he can go down low,911,"chaussures, how, why",48.0,🔴 TIÊU CỰC,0.0
https://www.tiktok.com/@mbnft/video/7605151963910622495,😂😂😂#funnyvideos#foryou#fyp,74600000,2000000,7136,155900,111596,63588.13,3.98,82454.24,yang bikin lego kasian jirr berapa jam itu bikinnyaa,35300,самое обижное это лего,24400,,15400,sticker  me dio una rabia,9222,почему люди так быстро и сильно открывают двери черт возьми,5328,"yang, bikin, lego",25.0,🔴 TIÊU CỰC,0.0
https://www.tiktok.com/@restore.craft/video/7611156273236593951,"Granny wants to go diving, so crafted an ocean epoxy with a pool. #flooring #viral #pool #epoxy ",109200000,1500000,10500,73400,108856,139132.5,1.96,94062.15,,63800,walaupun ai tapi seru nontonnya,41200,jajajaja pasaba de todo en la ventana,31800,sticker  yang ngira bikin kolam renang bilek,20800,sticker  ni se nota que es ai,20500,"sticker, walaupun, tapi",40.0,🔴 TIÊU CỰC,0.0
https://www.tiktok.com/@user909396191/video/7597349143232793878,#kitten #cutecat #wolink #aicat #storycat ,73700000,2500000,15400,74800,172596,43925.47,4.54,61824.88,tebak umur yg liat,21800,dia pengen anaknya mirip dia kali ya wkwkw,14500,gajelas tapi gw tonton jirrr,12700,miau miau miau miau miau miau  miau miau miau miau,9829,la gata gris se parece a ángela aguilar,7930,"miau, dia, tebak",64.0,🟡 TRUNG LẬP,0.0
https://www.tiktok.com/@stephlynnrobi/video/7589131330399538487,We in fact did get one picture after everyone recovered. #familypictures #funnytoddler #secondtimemom #husbandwifecomedy #fyppp @yourethatdad ,87700000,5400000,23300,646700,186787,39695.4,9.8,116243.66,i fear i would turn this into a much larger fight,593000,baby looking at us for help,569800,i would be soooo mad about this,364200,how do you forget you re holding a baby,256300,i love the dont touch my baby after she scoops her baby back up,251500,"baby, would, this",76.0,🟢 TÍCH CỰC,0.0
https://www.tiktok.com/@silva.maria258/video/7589197206498839838,The cat’s golden lips can turn stones into gold?    #kitten #aicat #aicats #fyp #foryou #catvideos #animation #wolink ,117700000,3200000,16300,214200,168627,53377.13,3.9,62293.76,semoga bibirku berubah kaya gitu ya allah,57300,yang nonton bayi kadaluarsa,54900,pq le hizo eso sí la ayudó,47200,,43800,мяу,34400,"semoga, bibirku, berubah",40.0,🔴 TIÊU CỰC,0.0
https://www.tiktok.com/@tungtungtungsahur3282/video/7607089660178763029,Patrick installed a golden nose on Squidward#spongebob #patrick #squidward #fyp #tiktok ,83500000,3400000,15000,747600,216205,79685.12,8.47,223051.7,sticker   where is my nose   aaahhh,121500,сделайте ии платным пж,101900,how did his nose affect his skill,92400,sticker  solo los futuros millonarios le darán like,80100,aura,27900,"sticker, nose, his",64.0,🟡 TRUNG LẬP,0.0
https://www.tiktok.com/@krystianatiana/video/7592048833325010207,This is the only way I can get any sleep 😫 #newborn #postpartum #babies #parents ,100100000,7100000,19100,225700,321408,49538.77,9.0,134737.46,pov  nikah sma laki gajih 1m per minggu,182900,this is what marriage is supposed to look like,165600,я в шоке  с взаимного понимания этой пары  как тактично выставлены границы  меня это так радует,164900,вот это действительно отец,159500,the way you both split time is everything,137100,"это, pov, nikah",72.0,🟢 TÍCH CỰC,0.0
https://www.tiktok.com/@jamieandblake/video/7604503172614311181,Husband storms out after receiving gender reveal results! 😱🩷🩵 Couple play creative cake game gender reveal game and after receving the gender results the husband absolutely loses it and storms out of the party casuing a scene and upsetting his pregnant wife! #genderreveal #family #couple #pregnant #babygirl #babyboy,87300000,2300000,22100,67600,131314,71843.46,3.45,80172.53,sticker  red flag,429200,dikira cewe hamil bisa nentuin gender apa,244400,gw sebagai ank perempuan kecewa,157800,tell him that the gender comes from the father,144100,кстати мужчина влияет на пол ребёнка,99600,"gender, sticker, red",68.0,🟡 TRUNG LẬP,0.0
https://www.tiktok.com/@mamato.viral/video/7606026318492273950,What tool can cut through five layers of cucumber??? #experiment #scienceexperiments #satisfying #asmr #satisfyingvideo ,134000000,1600000,5686,42100,66550,120002.39,1.48,58085.71,me,106400,i saw smth looking at me through that window,72800,you were trying so hard to break that tape,72700,поч в конце заблюрили  типа настолько жестокие страдания огурцов,51700,the tape almost got subotaged,40500,"that, tape, saw",32.0,🔴 TIÊU CỰC,0.0
https://www.tiktok.com/@dornimegna5/video/7589075878433262879,Factories 🏭#satisfying #relax #usa #fyp #tiktok ,99900000,1000000,3748,36100,60396,45144.07,1.33,17998.94,sticker,5372,anteng bngt gue nontonin smpai hbis,617,если оборудование такое умное  а каков тот конструктор  который придумал такую конструкцию,155,tebak usia penoton,146,,113,"sticker, anteng, bngt",40.0,🔴 TIÊU CỰC,0.0
